{"trajectory": [{"coords": [24.924803, 60.161454]}, {"coords": [24.962357, 60.196686]}]}