{"trajectory": [{"coords": [24.689597, 60.223399]}, {"coords": [24.694832, 60.223524]}, {"coords": [24.695987, 60.223555]}]}