{"trajectory": [{"coords": [25.076194, 60.209842]}, {"coords": [25.202019, 60.270922]}]}