{"trajectory": [{"coords": [24.842082, 60.245892]}, {"coords": [24.840355, 60.246854]}, {"coords": [24.837291, 60.248489]}, {"coords": [24.836614, 60.248853]}]}