{"trajectory": [{"coords": [24.845464, 60.276236]}, {"coords": [24.845132, 60.276687]}]}