{"trajectory": [{"coords": [24.821941, 60.277972]}, {"coords": [24.821119, 60.277663]}, {"coords": [24.820407, 60.277362]}, {"coords": [24.820260, 60.277256]}]}