{"trajectory": [{"coords": [25.105053, 60.404384]}, {"coords": [25.105053, 60.404393]}]}