{"trajectory": [{"coords": [24.916435, 60.322098]}, {"coords": [24.919276, 60.325274]}, {"coords": [24.919351, 60.325381]}, {"coords": [24.919725, 60.325818]}]}