{"trajectory": [{"coords": [24.941025, 60.168196]}, {"coords": [24.956396, 60.161562]}]}