{"trajectory": [{"coords": [24.901137, 60.198309]}, {"coords": [24.901239, 60.198740]}, {"coords": [24.901665, 60.195820]}, {"coords": [24.902453, 60.194971]}]}