{"trajectory": [{"coords": [24.920643, 60.170494]}, {"coords": [24.920313, 60.171565]}, {"coords": [24.919373, 60.173402]}]}