{"trajectory": [{"coords": [25.006909, 60.292085]}, {"coords": [25.009568, 60.292091]}, {"coords": [25.012008, 60.292091]}, {"coords": [25.012731, 60.292076]}]}