{"trajectory": [{"coords": [24.993724, 60.242475]}, {"coords": [25.004558, 60.247824]}, {"coords": [25.011095, 60.251355]}]}