{"trajectory": [{"coords": [24.941643, 60.167779]}, {"coords": [24.941962, 60.167570]}, {"coords": [24.943500, 60.166590]}, {"coords": [24.942390, 60.166194]}]}