{"trajectory": [{"coords": [25.107662, 60.296337]}, {"coords": [25.109988, 60.296623]}, {"coords": [25.109781, 60.296965]}]}