{"trajectory": [{"coords": [24.948255, 60.189678]}, {"coords": [24.948224, 60.189257]}, {"coords": [24.948549, 60.186768]}]}