{"trajectory": [{"coords": [24.924845, 60.202715]}, {"coords": [24.924248, 60.202639]}, {"coords": [24.922566, 60.202444]}, {"coords": [24.921951, 60.202376]}]}