{"trajectory": [{"coords": [24.756299, 60.227927]}, {"coords": [24.755104, 60.229316]}, {"coords": [24.752625, 60.232149]}, {"coords": [24.752305, 60.232384]}]}