{"trajectory": [{"coords": [24.956514, 60.174297]}, {"coords": [24.956276, 60.174182]}, {"coords": [24.953085, 60.174089]}, {"coords": [24.952025, 60.174213]}]}