{"trajectory": [{"coords": [24.969217, 60.198189]}, {"coords": [24.970636, 60.197406]}, {"coords": [24.973862, 60.195552]}, {"coords": [24.974429, 60.195215]}]}