{"trajectory": [{"coords": [24.952958, 60.302212]}, {"coords": [24.955285, 60.302617]}, {"coords": [24.958660, 60.302342]}, {"coords": [24.959615, 60.302209]}]}