{"trajectory": [{"coords": [24.961038, 60.192262]}, {"coords": [24.960619, 60.192723]}, {"coords": [24.956993, 60.194499]}, {"coords": [24.955855, 60.195064]}]}