{"trajectory": [{"coords": [25.148286, 60.423801]}, {"coords": [24.942976, 60.171549]}]}