{"trajectory": [{"coords": [25.004566, 60.295836]}, {"coords": [25.004864, 60.294936]}, {"coords": [25.005127, 60.294082]}, {"coords": [25.005175, 60.293893]}]}