{"trajectory": [{"coords": [24.544478, 60.176781]}, {"coords": [24.345231, 60.094991]}]}