{"trajectory": [{"coords": [25.089764, 60.293774]}, {"coords": [25.084052, 60.294377]}, {"coords": [25.083485, 60.293628]}]}