{"trajectory": [{"coords": [24.641185, 60.240031]}, {"coords": [24.641279, 60.240192]}]}