{"trajectory": [{"coords": [24.914843, 60.163381]}, {"coords": [24.920629, 60.163565]}]}