{"trajectory": [{"coords": [24.723113, 60.263171]}, {"coords": [24.722536, 60.262439]}, {"coords": [24.722058, 60.262037]}, {"coords": [24.719962, 60.260397]}]}