{"trajectory": [{"coords": [24.949557, 60.173638]}, {"coords": [24.949798, 60.173843]}, {"coords": [24.950019, 60.174012]}, {"coords": [24.952346, 60.174076]}]}