{"trajectory": [{"coords": [24.891874, 60.194468]}, {"coords": [24.894673, 60.193273]}]}