{"trajectory": [{"coords": [25.185884, 60.253509]}, {"coords": [25.187121, 60.253741]}, {"coords": [25.191303, 60.255014]}, {"coords": [25.191655, 60.254760]}]}