{"trajectory": [{"coords": [25.077286, 60.210129]}, {"coords": [25.077868, 60.210295]}]}