{"trajectory": [{"coords": [24.941129, 60.184434]}, {"coords": [24.940683, 60.184616]}, {"coords": [24.941785, 60.185344]}, {"coords": [24.943343, 60.185603]}]}