{"trajectory": [{"coords": [25.030079, 60.194472]}, {"coords": [24.943095, 60.170651]}]}