{"trajectory": [{"coords": [24.812131, 60.216127]}, {"coords": [24.812082, 60.217070]}, {"coords": [24.812897, 60.217191]}, {"coords": [24.813130, 60.217126]}]}