{"trajectory": [{"coords": [24.953147, 60.183692]}, {"coords": [24.953089, 60.184240]}, {"coords": [24.952975, 60.185273]}]}