{"trajectory": [{"coords": [24.815142, 60.339605]}, {"coords": [24.816298, 60.338054]}, {"coords": [24.816462, 60.338116]}, {"coords": [24.818269, 60.338679]}]}