{"trajectory": [{"coords": [24.964850, 60.166751]}, {"coords": [24.966599, 60.166173]}, {"coords": [24.968113, 60.166216]}, {"coords": [24.969155, 60.166118]}]}