{"trajectory": [{"coords": [24.891281, 60.161252]}, {"coords": [24.891028, 60.161236]}, {"coords": [24.890576, 60.161176]}]}