{"trajectory": [{"coords": [24.441107, 60.119964]}, {"coords": [24.444331, 60.269843]}]}