{"trajectory": [{"coords": [24.953325, 60.171825]}, {"coords": [24.953459, 60.170855]}, {"coords": [24.953528, 60.170136]}]}