{"trajectory": [{"coords": [24.957654, 60.305077]}, {"coords": [24.956067, 60.303384]}]}