{"trajectory": [{"coords": [25.144550, 60.207143]}, {"coords": [25.144256, 60.207495]}, {"coords": [25.144274, 60.207495]}]}