{"trajectory": [{"coords": [25.088847, 60.419508]}, {"coords": [25.088241, 60.419306]}, {"coords": [25.086607, 60.418744]}, {"coords": [25.086350, 60.418657]}]}