{"trajectory": [{"coords": [24.613062, 60.185009]}, {"coords": [24.612084, 60.185740]}, {"coords": [24.610625, 60.186752]}]}