{"trajectory": [{"coords": [24.853731, 60.277233]}, {"coords": [24.853826, 60.277421]}]}