{"trajectory": [{"coords": [25.031012, 60.194914]}, {"coords": [25.032022, 60.195516]}, {"coords": [25.033538, 60.196707]}, {"coords": [25.044395, 60.205913]}]}