{"trajectory": [{"coords": [24.922251, 60.176434]}, {"coords": [24.922344, 60.177169]}, {"coords": [24.923028, 60.179076]}, {"coords": [24.923694, 60.179691]}]}