{"trajectory": [{"coords": [25.104396, 60.304056]}, {"coords": [25.104290, 60.303590]}, {"coords": [25.103937, 60.302229]}, {"coords": [25.103792, 60.301674]}]}