{"trajectory": [{"coords": [24.941799, 60.200308]}, {"coords": [24.939501, 60.200037]}, {"coords": [24.938971, 60.201037]}]}