{"trajectory": [{"coords": [24.818005, 60.256428]}, {"coords": [24.819025, 60.256044]}, {"coords": [24.821031, 60.255404]}, {"coords": [24.822554, 60.254909]}]}