{"trajectory": [{"coords": [24.953280, 60.172149]}, {"coords": [24.953085, 60.174089]}, {"coords": [24.952021, 60.174078]}]}