{"trajectory": [{"coords": [24.884258, 60.246462]}, {"coords": [24.883581, 60.246108]}, {"coords": [24.881951, 60.245284]}, {"coords": [24.878904, 60.246784]}]}