{"trajectory": [{"coords": [24.928116, 60.192128]}, {"coords": [24.923852, 60.191126]}]}