{"trajectory": [{"coords": [25.114538, 60.223599]}, {"coords": [25.121782, 60.227533]}]}