{"trajectory": [{"coords": [24.884799, 60.153935]}, {"coords": [24.885909, 60.151010]}, {"coords": [24.886110, 60.150461]}]}