{"trajectory": [{"coords": [25.034681, 60.277133]}, {"coords": [25.034681, 60.277124]}]}