{"trajectory": [{"coords": [24.902704, 60.221214]}, {"coords": [24.902383, 60.220678]}, {"coords": [24.904680, 60.220240]}]}