{"trajectory": [{"coords": [24.697167, 60.144769]}, {"coords": [24.699024, 60.144893]}, {"coords": [24.700681, 60.144965]}]}