{"trajectory": [{"coords": [24.846881, 60.259056]}, {"coords": [24.849845, 60.259118]}, {"coords": [24.851254, 60.259109]}, {"coords": [24.852737, 60.259180]}]}