{"trajectory": [{"coords": [24.945258, 60.190813]}, {"coords": [24.944598, 60.191051]}, {"coords": [24.941537, 60.191153]}, {"coords": [24.940601, 60.191196]}]}