{"trajectory": [{"coords": [24.886623, 60.160835]}, {"coords": [24.889367, 60.161068]}, {"coords": [24.890378, 60.161160]}, {"coords": [24.891082, 60.161236]}]}