{"trajectory": [{"coords": [24.853826, 60.277421]}, {"coords": [24.856554, 60.260780]}]}