{"trajectory": [{"coords": [24.956396, 60.161562]}, {"coords": [24.956394, 60.161526]}]}