{"trajectory": [{"coords": [24.803847, 60.168750]}, {"coords": [24.803720, 60.168750]}, {"coords": [24.803540, 60.168733]}, {"coords": [24.803467, 60.168716]}]}