{"trajectory": [{"coords": [24.827715, 60.284084]}, {"coords": [24.823733, 60.281704]}]}