{"trajectory": [{"coords": [24.635823, 60.149483]}, {"coords": [24.658139, 60.146395]}]}