{"trajectory": [{"coords": [24.962889, 60.167421]}, {"coords": [24.964850, 60.166751]}]}