{"trajectory": [{"coords": [24.677640, 60.170307]}, {"coords": [24.677639, 60.170253]}, {"coords": [24.677792, 60.168942]}, {"coords": [24.677859, 60.168699]}]}