{"trajectory": [{"coords": [24.842557, 60.283390]}, {"coords": [24.849668, 60.285068]}, {"coords": [24.850073, 60.284653]}]}