{"trajectory": [{"coords": [24.815788, 60.266054]}, {"coords": [24.815058, 60.265744]}, {"coords": [24.813887, 60.265168]}, {"coords": [24.813031, 60.264886]}]}