{"trajectory": [{"coords": [24.894102, 60.241280]}, {"coords": [24.894910, 60.240431]}, {"coords": [24.897260, 60.237893]}]}