{"trajectory": [{"coords": [24.868599, 60.156897]}, {"coords": [24.869090, 60.157055]}, {"coords": [24.871416, 60.157812]}, {"coords": [24.871815, 60.157935]}]}