{"trajectory": [{"coords": [24.855075, 60.270547]}, {"coords": [24.855606, 60.270822]}, {"coords": [24.856085, 60.270496]}]}