{"trajectory": [{"coords": [24.968796, 60.166157]}, {"coords": [24.966599, 60.166173]}, {"coords": [24.964815, 60.166769]}]}