{"trajectory": [{"coords": [24.961773, 60.198315]}, {"coords": [24.962170, 60.197082]}, {"coords": [24.956993, 60.194499]}, {"coords": [24.953432, 60.192918]}]}