{"trajectory": [{"coords": [25.153229, 60.202121]}, {"coords": [25.150250, 60.201500]}, {"coords": [25.150147, 60.201645]}, {"coords": [25.149456, 60.202503]}]}