{"trajectory": [{"coords": [24.989656, 60.277610]}, {"coords": [25.035454, 60.275287]}]}