{"trajectory": [{"coords": [24.920464, 60.181491]}, {"coords": [24.920271, 60.181689]}, {"coords": [24.918445, 60.183390]}]}