{"trajectory": [{"coords": [25.043366, 60.293302]}, {"coords": [25.109173, 60.238402]}]}