{"trajectory": [{"coords": [25.145828, 60.204483]}, {"coords": [25.146096, 60.203915]}, {"coords": [25.147127, 60.203969]}]}