{"trajectory": [{"coords": [25.052562, 60.178202]}, {"coords": [25.053156, 60.178188]}]}