{"trajectory": [{"coords": [25.012390, 60.323144]}, {"coords": [25.006768, 60.323349]}, {"coords": [25.006750, 60.323340]}, {"coords": [25.005735, 60.323321]}]}