{"trajectory": [{"coords": [24.792204, 60.184222]}, {"coords": [24.792712, 60.185116]}, {"coords": [24.792750, 60.185179]}, {"coords": [24.793468, 60.185085]}]}