{"trajectory": [{"coords": [24.937806, 60.164593]}, {"coords": [24.937024, 60.164338]}, {"coords": [24.938118, 60.163550]}, {"coords": [24.939123, 60.162807]}]}