{"trajectory": [{"coords": [25.121764, 60.227524]}, {"coords": [25.114446, 60.223546]}]}