{"trajectory": [{"coords": [24.776200, 60.233108]}, {"coords": [24.777142, 60.232456]}, {"coords": [24.775905, 60.232078]}, {"coords": [24.776349, 60.231770]}]}