{"trajectory": [{"coords": [24.627150, 60.169586]}, {"coords": [24.632688, 60.167181]}]}