{"trajectory": [{"coords": [25.144550, 60.207143]}, {"coords": [25.144516, 60.207197]}]}