{"trajectory": [{"coords": [24.952041, 60.293691]}, {"coords": [24.952480, 60.293248]}, {"coords": [24.952547, 60.289936]}, {"coords": [24.953177, 60.289841]}]}