{"trajectory": [{"coords": [25.012332, 60.250448]}, {"coords": [25.012332, 60.250448]}, {"coords": [25.012136, 60.250539]}]}