{"trajectory": [{"coords": [25.292470, 60.279767]}, {"coords": [25.301015, 60.286013]}]}