{"trajectory": [{"coords": [24.338444, 60.200982]}, {"coords": [24.338981, 60.200523]}, {"coords": [24.339741, 60.200781]}, {"coords": [24.340699, 60.201075]}]}