{"trajectory": [{"coords": [24.885807, 60.151253]}, {"coords": [24.885388, 60.152378]}, {"coords": [24.885185, 60.152882]}, {"coords": [24.885000, 60.153350]}]}