{"trajectory": [{"coords": [24.691976, 60.147883]}, {"coords": [24.691625, 60.148298]}]}