{"trajectory": [{"coords": [24.943760, 60.171894]}, {"coords": [25.302089, 60.528800]}]}