{"trajectory": [{"coords": [25.076856, 60.209684]}, {"coords": [24.942752, 60.171282]}]}