{"trajectory": [{"coords": [24.943076, 60.166871]}, {"coords": [24.943500, 60.166590]}, {"coords": [24.941681, 60.165948]}, {"coords": [24.941299, 60.165816]}]}