{"trajectory": [{"coords": [24.655804, 60.205449]}, {"coords": [24.655315, 60.205361]}, {"coords": [24.655687, 60.205036]}, {"coords": [24.656900, 60.205282]}]}