{"trajectory": [{"coords": [24.951684, 60.167430]}, {"coords": [24.955855, 60.195064]}]}