{"trajectory": [{"coords": [24.976719, 60.188557]}, {"coords": [24.975709, 60.188510]}]}