{"trajectory": [{"coords": [24.964540, 60.193062]}, {"coords": [24.964378, 60.189994]}]}