{"trajectory": [{"coords": [24.934154, 60.158417]}, {"coords": [24.941635, 60.158059]}]}