{"trajectory": [{"coords": [24.929600, 60.197413]}, {"coords": [24.930383, 60.197677]}, {"coords": [24.933349, 60.198006]}, {"coords": [24.933784, 60.198084]}]}