{"trajectory": [{"coords": [24.653395, 60.213125]}, {"coords": [24.654031, 60.212449]}, {"coords": [24.654528, 60.212043]}, {"coords": [24.655062, 60.211681]}]}