{"trajectory": [{"coords": [25.144464, 60.207251]}, {"coords": [25.144550, 60.207152]}]}