{"trajectory": [{"coords": [24.943202, 60.171270]}, {"coords": [25.031517, 60.194928]}]}