{"trajectory": [{"coords": [24.672973, 60.357821]}, {"coords": [24.656900, 60.205282]}]}