{"trajectory": [{"coords": [25.124762, 60.279758]}, {"coords": [25.124065, 60.280518]}]}