{"trajectory": [{"coords": [24.948276, 60.191078]}, {"coords": [24.943610, 60.193033]}]}