{"trajectory": [{"coords": [24.607768, 60.156006]}, {"coords": [24.607678, 60.155980]}]}