{"trajectory": [{"coords": [24.803795, 60.168849]}, {"coords": [24.804480, 60.168871]}]}