{"trajectory": [{"coords": [25.035368, 60.192429]}, {"coords": [25.035111, 60.192279]}, {"coords": [25.034568, 60.191601]}, {"coords": [25.034111, 60.191398]}]}