{"trajectory": [{"coords": [25.175771, 60.213727]}, {"coords": [25.176205, 60.213759]}, {"coords": [25.181418, 60.214252]}, {"coords": [25.181590, 60.214008]}]}