{"trajectory": [{"coords": [25.137796, 60.210036]}, {"coords": [25.137150, 60.211666]}]}