{"trajectory": [{"coords": [25.076268, 60.350271]}, {"coords": [25.098638, 60.401951]}]}