{"trajectory": [{"coords": [24.988897, 60.293180]}, {"coords": [24.988287, 60.293346]}, {"coords": [24.985492, 60.294219]}, {"coords": [24.984919, 60.294403]}]}