{"trajectory": [{"coords": [25.078328, 60.233665]}, {"coords": [25.078440, 60.233772]}, {"coords": [25.080434, 60.235667]}, {"coords": [25.080582, 60.235792]}]}