{"trajectory": [{"coords": [25.068130, 60.332385]}, {"coords": [25.069380, 60.334098]}, {"coords": [25.078093, 60.350669]}]}