{"trajectory": [{"coords": [24.750894, 60.169885]}, {"coords": [24.748692, 60.169709]}, {"coords": [24.748043, 60.169668]}, {"coords": [24.748356, 60.169173]}]}