{"trajectory": [{"coords": [24.673614, 60.205090]}, {"coords": [24.673483, 60.204875]}, {"coords": [24.673244, 60.204670]}, {"coords": [24.673079, 60.204536]}]}