{"trajectory": [{"coords": [24.940997, 60.191175]}, {"coords": [24.941537, 60.191153]}, {"coords": [24.944598, 60.191051]}, {"coords": [24.945721, 60.190612]}]}