{"trajectory": [{"coords": [24.441778, 60.108293]}, {"coords": [24.441577, 60.108006]}, {"coords": [24.438623, 60.106257]}, {"coords": [24.437737, 60.105910]}]}