{"trajectory": [{"coords": [24.925363, 60.198664]}, {"coords": [24.924989, 60.199510]}, {"coords": [24.925506, 60.199955]}, {"coords": [24.926109, 60.200211]}]}