{"trajectory": [{"coords": [24.955641, 60.195146]}, {"coords": [24.955338, 60.195274]}, {"coords": [24.954750, 60.195512]}]}