{"trajectory": [{"coords": [24.947335, 60.220338]}, {"coords": [24.951257, 60.221818]}, {"coords": [24.957523, 60.223865]}, {"coords": [24.967954, 60.228824]}]}