{"trajectory": [{"coords": [24.936781, 60.201393]}, {"coords": [24.933688, 60.201029]}, {"coords": [24.934330, 60.199516]}]}