{"trajectory": [{"coords": [24.956626, 60.310102]}, {"coords": [24.957064, 60.310252]}]}