{"trajectory": [{"coords": [24.943023, 60.171307]}, {"coords": [24.929871, 60.169370]}]}