{"trajectory": [{"coords": [24.836431, 60.248737]}, {"coords": [24.837090, 60.248392]}, {"coords": [24.840136, 60.246766]}, {"coords": [24.841809, 60.245840]}]}