{"trajectory": [{"coords": [25.061712, 60.246195]}, {"coords": [24.942752, 60.171282]}]}