{"trajectory": [{"coords": [25.011919, 60.249958]}, {"coords": [25.011902, 60.249976]}, {"coords": [25.012066, 60.250037]}, {"coords": [25.012359, 60.250170]}]}