{"trajectory": [{"coords": [24.971298, 60.189288]}, {"coords": [24.971668, 60.189617]}, {"coords": [24.972886, 60.189348]}]}