{"trajectory": [{"coords": [25.084989, 60.294280]}, {"coords": [25.090954, 60.293656]}, {"coords": [25.091242, 60.293636]}]}