{"trajectory": [{"coords": [24.920629, 60.163565]}, {"coords": [24.921189, 60.163606]}, {"coords": [24.921167, 60.167313]}]}