{"trajectory": [{"coords": [24.772034, 60.171048]}, {"coords": [24.771278, 60.171061]}, {"coords": [24.770072, 60.171104]}]}