{"trajectory": [{"coords": [24.812135, 60.219951]}, {"coords": [24.811865, 60.219979]}]}