{"trajectory": [{"coords": [25.144550, 60.207152]}, {"coords": [25.145035, 60.206573]}]}