{"trajectory": [{"coords": [25.034928, 60.193331]}, {"coords": [25.035984, 60.193080]}, {"coords": [25.035368, 60.192429]}]}