{"trajectory": [{"coords": [24.887825, 60.232804]}, {"coords": [24.889185, 60.233010]}, {"coords": [24.889446, 60.232658]}, {"coords": [24.889570, 60.232559]}]}