{"trajectory": [{"coords": [25.049001, 60.303257]}, {"coords": [25.046888, 60.298301]}, {"coords": [25.046140, 60.296395]}, {"coords": [25.043977, 60.292068]}]}