{"trajectory": [{"coords": [24.902845, 60.194797]}, {"coords": [24.902222, 60.195089]}]}