{"trajectory": [{"coords": [24.943652, 60.239743]}, {"coords": [24.937603, 60.239032]}, {"coords": [24.936824, 60.238948]}]}