{"trajectory": [{"coords": [25.173393, 60.410137]}, {"coords": [25.173356, 60.410111]}]}