{"trajectory": [{"coords": [24.848851, 60.285594]}, {"coords": [24.849668, 60.285068]}, {"coords": [24.848031, 60.284648]}]}