{"trajectory": [{"coords": [24.920000, 60.170041]}, {"coords": [24.919000, 60.170353]}, {"coords": [24.916177, 60.171207]}, {"coords": [24.915623, 60.171364]}]}