{"trajectory": [{"coords": [24.960583, 60.179160]}, {"coords": [24.939515, 60.198636]}]}