{"trajectory": [{"coords": [24.934588, 60.199074]}, {"coords": [24.921232, 60.185722]}]}