{"trajectory": [{"coords": [24.654565, 60.355103]}, {"coords": [24.654283, 60.355508]}, {"coords": [24.654051, 60.355698]}]}