{"trajectory": [{"coords": [25.057875, 60.223516]}, {"coords": [25.057873, 60.223453]}, {"coords": [25.057870, 60.222223]}, {"coords": [25.057875, 60.221837]}]}