{"trajectory": [{"coords": [24.808644, 60.241567]}, {"coords": [24.808649, 60.241791]}, {"coords": [24.808572, 60.244493]}, {"coords": [24.808559, 60.244700]}]}