{"trajectory": [{"coords": [24.946860, 60.293351]}, {"coords": [24.945606, 60.293154]}, {"coords": [24.943315, 60.292685]}, {"coords": [24.943906, 60.291882]}]}