{"trajectory": [{"coords": [24.968774, 60.203963]}, {"coords": [24.966312, 60.203030]}, {"coords": [24.965627, 60.203035]}]}