{"trajectory": [{"coords": [24.876249, 60.160840]}, {"coords": [24.877687, 60.160687]}, {"coords": [24.879645, 60.160486]}]}