{"trajectory": [{"coords": [24.666171, 60.274752]}, {"coords": [24.657051, 60.274186]}, {"coords": [24.656509, 60.274180]}, {"coords": [24.656324, 60.273974]}]}