{"trajectory": [{"coords": [24.727141, 60.344639]}, {"coords": [24.731730, 60.345771]}]}