{"trajectory": [{"coords": [24.852983, 60.261010]}, {"coords": [24.851158, 60.260985]}, {"coords": [24.851066, 60.260914]}, {"coords": [24.851123, 60.260330]}]}