{"trajectory": [{"coords": [25.077886, 60.210295]}, {"coords": [25.012595, 60.250195]}]}