{"trajectory": [{"coords": [24.905433, 60.191279]}, {"coords": [24.900101, 60.191405]}, {"coords": [24.894566, 60.193328]}]}