{"trajectory": [{"coords": [24.951718, 60.167349]}, {"coords": [24.952243, 60.167444]}, {"coords": [24.952608, 60.165099]}]}