{"trajectory": [{"coords": [25.140375, 60.340922]}, {"coords": [25.140103, 60.340889]}]}