{"trajectory": [{"coords": [24.969155, 60.166118]}, {"coords": [24.972038, 60.166770]}]}