{"trajectory": [{"coords": [25.064307, 60.267743]}, {"coords": [25.064395, 60.267652]}]}