{"trajectory": [{"coords": [24.895707, 60.204118]}, {"coords": [24.895593, 60.204603]}, {"coords": [24.892334, 60.205433]}]}