{"trajectory": [{"coords": [24.950283, 60.178785]}, {"coords": [24.950316, 60.178668]}]}