{"trajectory": [{"coords": [24.942741, 60.171551]}, {"coords": [24.975709, 60.188510]}]}