{"trajectory": [{"coords": [24.627917, 60.223041]}, {"coords": [24.629589, 60.222692]}, {"coords": [24.631711, 60.222332]}, {"coords": [24.633312, 60.222109]}]}