{"trajectory": [{"coords": [24.991900, 60.274739]}, {"coords": [24.991483, 60.274680]}, {"coords": [24.990394, 60.274517]}]}