{"trajectory": [{"coords": [25.030079, 60.194472]}, {"coords": [25.030646, 60.194172]}, {"coords": [25.030481, 60.194092]}, {"coords": [25.029772, 60.193891]}]}