{"trajectory": [{"coords": [24.962441, 60.196443]}, {"coords": [24.964540, 60.193062]}]}