{"trajectory": [{"coords": [24.901313, 60.198156]}, {"coords": [24.901294, 60.198120]}]}