{"trajectory": [{"coords": [24.804377, 60.168351]}, {"coords": [24.803008, 60.168360]}, {"coords": [24.802322, 60.168265]}]}