{"trajectory": [{"coords": [24.721176, 60.163525]}, {"coords": [24.669409, 60.134994]}]}