{"trajectory": [{"coords": [24.805231, 60.189268]}, {"coords": [24.803338, 60.189226]}, {"coords": [24.802329, 60.189241]}]}