{"trajectory": [{"coords": [24.926754, 60.166170]}, {"coords": [24.926674, 60.165874]}]}