{"trajectory": [{"coords": [25.086625, 60.418744]}, {"coords": [25.087158, 60.418928]}, {"coords": [25.088241, 60.419306]}, {"coords": [25.088866, 60.419517]}]}