{"trajectory": [{"coords": [24.943023, 60.171307]}, {"coords": [24.951206, 60.178294]}]}