{"trajectory": [{"coords": [24.611328, 60.193552]}, {"coords": [24.610331, 60.193225]}, {"coords": [24.610312, 60.193216]}, {"coords": [24.605974, 60.191612]}]}