{"trajectory": [{"coords": [24.855777, 60.261458]}, {"coords": [25.076250, 60.350271]}]}