{"trajectory": [{"coords": [24.731730, 60.345771]}, {"coords": [24.731512, 60.345718]}, {"coords": [24.726777, 60.344551]}]}