{"trajectory": [{"coords": [24.847975, 60.276211]}, {"coords": [24.847266, 60.276063]}, {"coords": [24.845921, 60.275749]}, {"coords": [24.845464, 60.276236]}]}