{"trajectory": [{"coords": [24.925378, 60.191537]}, {"coords": [24.926268, 60.191773]}, {"coords": [24.929693, 60.192431]}, {"coords": [24.930762, 60.192621]}]}