{"trajectory": [{"coords": [24.833298, 60.392681]}, {"coords": [24.833209, 60.392736]}, {"coords": [24.832210, 60.393388]}, {"coords": [24.832032, 60.393515]}]}