{"trajectory": [{"coords": [24.931441, 60.165617]}, {"coords": [24.932006, 60.165236]}, {"coords": [24.933083, 60.164474]}, {"coords": [24.934195, 60.163676]}]}