{"trajectory": [{"coords": [24.830817, 60.303058]}, {"coords": [24.830458, 60.303150]}]}