{"trajectory": [{"coords": [24.888919, 60.209836]}, {"coords": [24.888444, 60.210261]}]}