{"trajectory": [{"coords": [24.449761, 59.998629]}, {"coords": [24.449290, 59.998290]}, {"coords": [24.449055, 59.998084]}]}