{"trajectory": [{"coords": [24.902751, 60.226860]}, {"coords": [24.902733, 60.226860]}]}