{"trajectory": [{"coords": [25.215494, 60.260046]}, {"coords": [25.219275, 60.260191]}, {"coords": [25.219909, 60.260230]}]}