{"trajectory": [{"coords": [24.610376, 60.186933]}, {"coords": [24.612084, 60.185740]}, {"coords": [24.612901, 60.185090]}]}