{"trajectory": [{"coords": [25.104402, 60.297262]}, {"coords": [25.105290, 60.297317]}, {"coords": [25.109441, 60.297588]}, {"coords": [25.110238, 60.297635]}]}