{"trajectory": [{"coords": [24.807404, 60.176456]}, {"coords": [24.806788, 60.176316]}]}