{"trajectory": [{"coords": [25.042666, 60.167849]}, {"coords": [25.042594, 60.167832]}]}