{"trajectory": [{"coords": [25.026482, 60.329822]}, {"coords": [25.026687, 60.329453]}]}