{"trajectory": [{"coords": [24.610625, 60.186752]}, {"coords": [24.609523, 60.187538]}, {"coords": [24.607975, 60.188614]}, {"coords": [24.607196, 60.188420]}]}