{"trajectory": [{"coords": [24.948434, 60.162130]}, {"coords": [24.948079, 60.162949]}, {"coords": [24.945686, 60.163056]}, {"coords": [24.945315, 60.163292]}]}