{"trajectory": [{"coords": [24.802131, 60.172243]}, {"coords": [24.802060, 60.171543]}, {"coords": [24.798938, 60.171346]}]}