{"trajectory": [{"coords": [24.855728, 60.260965]}, {"coords": [24.856559, 60.260960]}, {"coords": [24.856484, 60.260870]}, {"coords": [24.856554, 60.260780]}]}