{"trajectory": [{"coords": [24.961773, 60.198315]}, {"coords": [24.962170, 60.197082]}, {"coords": [24.962441, 60.196443]}]}