{"trajectory": [{"coords": [24.920038, 60.154646]}, {"coords": [24.953528, 60.170136]}]}