{"trajectory": [{"coords": [25.277371, 60.373258]}, {"coords": [25.278624, 60.373318]}]}