{"trajectory": [{"coords": [25.224356, 60.334305]}, {"coords": [25.269694, 60.380001]}]}