{"trajectory": [{"coords": [24.922997, 60.172856]}, {"coords": [24.924540, 60.171311]}, {"coords": [24.925618, 60.171231]}]}