{"trajectory": [{"coords": [24.946950, 60.208879]}, {"coords": [24.948501, 60.209487]}, {"coords": [24.950508, 60.210298]}, {"coords": [24.952423, 60.211038]}]}