{"trajectory": [{"coords": [24.885220, 60.228558]}, {"coords": [24.876847, 60.205617]}]}