{"trajectory": [{"coords": [24.858635, 60.287092]}, {"coords": [24.857473, 60.286920]}, {"coords": [24.857110, 60.286887]}, {"coords": [24.855695, 60.286717]}]}