{"trajectory": [{"coords": [24.949225, 60.173309]}, {"coords": [24.947519, 60.171643]}]}