{"trajectory": [{"coords": [25.152110, 60.407702]}, {"coords": [25.151819, 60.407668]}]}