{"trajectory": [{"coords": [25.005571, 60.292651]}, {"coords": [25.005522, 60.292813]}, {"coords": [25.005127, 60.294082]}, {"coords": [25.005060, 60.294271]}]}