{"trajectory": [{"coords": [24.973065, 60.189311]}, {"coords": [24.971668, 60.189617]}, {"coords": [24.971205, 60.189208]}]}