{"trajectory": [{"coords": [24.767333, 60.173382]}, {"coords": [24.767297, 60.172619]}, {"coords": [24.762019, 60.172632]}]}