{"trajectory": [{"coords": [24.953095, 60.187534]}, {"coords": [24.952901, 60.189547]}, {"coords": [24.951862, 60.189761]}]}