{"trajectory": [{"coords": [25.342831, 60.280669]}, {"coords": [25.251548, 60.373952]}]}