{"trajectory": [{"coords": [24.895424, 60.225527]}, {"coords": [24.895401, 60.225357]}, {"coords": [24.895635, 60.225310]}, {"coords": [24.895831, 60.225237]}]}