{"trajectory": [{"coords": [24.949619, 60.197595]}, {"coords": [24.949209, 60.197760]}]}