{"trajectory": [{"coords": [24.812189, 60.219950]}, {"coords": [24.813000, 60.219901]}]}