{"trajectory": [{"coords": [24.550189, 60.172450]}, {"coords": [24.546743, 60.169941]}, {"coords": [24.545991, 60.169172]}, {"coords": [24.539098, 60.158511]}]}