{"trajectory": [{"coords": [24.948462, 60.187496]}, {"coords": [24.948549, 60.186768]}]}