{"trajectory": [{"coords": [24.976784, 60.296923]}, {"coords": [24.977405, 60.298336]}]}