{"trajectory": [{"coords": [25.201507, 60.270765]}, {"coords": [25.076194, 60.209842]}]}