{"trajectory": [{"coords": [24.959208, 60.297608]}, {"coords": [24.958200, 60.295935]}, {"coords": [24.957598, 60.295123]}]}