{"trajectory": [{"coords": [25.042127, 60.326550]}, {"coords": [25.041958, 60.326345]}, {"coords": [25.041737, 60.325673]}, {"coords": [25.041598, 60.325297]}]}