{"trajectory": [{"coords": [25.043366, 60.293302]}, {"coords": [25.044223, 60.294094]}]}