{"trajectory": [{"coords": [24.842709, 60.237289]}, {"coords": [24.842421, 60.236600]}]}