{"trajectory": [{"coords": [24.732920, 60.229136]}, {"coords": [24.732644, 60.228886]}, {"coords": [24.731990, 60.228665]}, {"coords": [24.731790, 60.228613]}]}