{"trajectory": [{"coords": [24.655319, 60.172977]}, {"coords": [24.654914, 60.173437]}, {"coords": [24.654685, 60.173716]}]}