{"trajectory": [{"coords": [25.099914, 60.213678]}, {"coords": [25.097302, 60.212702]}, {"coords": [25.096681, 60.212474]}]}