{"trajectory": [{"coords": [24.656813, 60.179244]}, {"coords": [24.656071, 60.179086]}, {"coords": [24.655854, 60.179024]}, {"coords": [24.654026, 60.178620]}]}