{"trajectory": [{"coords": [24.898695, 60.203254]}, {"coords": [24.899199, 60.203215]}, {"coords": [24.899426, 60.200978]}, {"coords": [24.901137, 60.198309]}]}