{"trajectory": [{"coords": [24.785250, 60.288489]}, {"coords": [24.782452, 60.290973]}, {"coords": [24.781921, 60.291443]}]}