{"trajectory": [{"coords": [24.414586, 60.086257]}, {"coords": [24.414155, 60.086285]}, {"coords": [24.413239, 60.086342]}, {"coords": [24.412683, 60.086424]}]}