{"trajectory": [{"coords": [24.947586, 60.186497]}, {"coords": [24.943093, 60.186322]}, {"coords": [24.941264, 60.186021]}]}