{"trajectory": [{"coords": [25.125316, 60.339579]}, {"coords": [25.124626, 60.336335]}, {"coords": [25.124622, 60.335698]}]}