{"trajectory": [{"coords": [24.945435, 60.157439]}, {"coords": [24.945927, 60.158252]}, {"coords": [24.946340, 60.158860]}, {"coords": [24.946604, 60.159262]}]}