{"trajectory": [{"coords": [24.882824, 60.238124]}, {"coords": [24.882097, 60.237940]}, {"coords": [24.880168, 60.237361]}, {"coords": [24.878568, 60.236905]}]}