{"trajectory": [{"coords": [25.059971, 60.323635]}, {"coords": [25.066174, 60.330138]}, {"coords": [25.068130, 60.332385]}]}