{"trajectory": [{"coords": [24.973208, 60.188654]}, {"coords": [24.973130, 60.188475]}, {"coords": [24.970908, 60.188922]}, {"coords": [24.971298, 60.189288]}]}