{"trajectory": [{"coords": [24.931346, 60.245656]}, {"coords": [24.932143, 60.245749]}, {"coords": [24.932306, 60.245757]}, {"coords": [24.938264, 60.246406]}]}