{"trajectory": [{"coords": [24.863910, 60.243742]}, {"coords": [24.865854, 60.244205]}, {"coords": [24.865431, 60.244593]}, {"coords": [24.865325, 60.244702]}]}