{"trajectory": [{"coords": [24.825685, 60.234309]}, {"coords": [24.825028, 60.234735]}, {"coords": [24.824655, 60.234980]}]}