{"trajectory": [{"coords": [24.882236, 60.245130]}, {"coords": [24.881951, 60.245284]}, {"coords": [24.878904, 60.246784]}]}