{"trajectory": [{"coords": [24.955006, 60.159597]}, {"coords": [24.956269, 60.161554]}]}