{"trajectory": [{"coords": [24.710386, 60.216881]}, {"coords": [24.710137, 60.217053]}, {"coords": [24.709651, 60.217100]}, {"coords": [24.708896, 60.217230]}]}