{"trajectory": [{"coords": [24.967973, 60.228824]}, {"coords": [24.957523, 60.223865]}, {"coords": [24.951257, 60.221818]}, {"coords": [24.947334, 60.220329]}]}