{"trajectory": [{"coords": [24.964815, 60.166769]}, {"coords": [24.962280, 60.167560]}, {"coords": [24.961863, 60.167455]}]}