{"trajectory": [{"coords": [24.909131, 60.284585]}, {"coords": [24.908981, 60.284389]}, {"coords": [24.908265, 60.283335]}, {"coords": [24.908180, 60.282869]}]}