{"trajectory": [{"coords": [24.964476, 60.193323]}, {"coords": [24.962357, 60.196686]}]}