{"trajectory": [{"coords": [25.326484, 60.289442]}, {"coords": [25.323963, 60.293739]}]}