{"trajectory": [{"coords": [25.140375, 60.340922]}, {"coords": [25.140103, 60.340889]}, {"coords": [25.139793, 60.340837]}, {"coords": [25.137893, 60.340360]}]}