{"trajectory": [{"coords": [24.943760, 60.171894]}, {"coords": [24.943454, 60.171887]}, {"coords": [24.942976, 60.171549]}]}