{"trajectory": [{"coords": [24.849451, 60.277386]}, {"coords": [24.848615, 60.277185]}, {"coords": [24.849249, 60.276535]}, {"coords": [24.847975, 60.276211]}]}