{"trajectory": [{"coords": [24.723090, 60.208869]}, {"coords": [24.727958, 60.209587]}, {"coords": [24.727899, 60.209399]}]}