{"trajectory": [{"coords": [25.076194, 60.209842]}, {"coords": [25.076704, 60.209981]}]}