{"trajectory": [{"coords": [24.705641, 60.158034]}, {"coords": [24.705114, 60.157786]}, {"coords": [24.704895, 60.157670]}, {"coords": [24.704422, 60.157439]}]}