{"trajectory": [{"coords": [24.961762, 60.198530]}, {"coords": [24.962354, 60.200905]}, {"coords": [24.965106, 60.203120]}, {"coords": [24.966023, 60.203023]}]}