{"trajectory": [{"coords": [25.047905, 60.210750]}, {"coords": [25.053461, 60.209665]}, {"coords": [25.053873, 60.209581]}]}