{"trajectory": [{"coords": [24.935722, 60.157813]}, {"coords": [24.935271, 60.157781]}, {"coords": [24.933321, 60.157651]}, {"coords": [24.934064, 60.156515]}]}