{"trajectory": [{"coords": [24.958940, 60.171004]}, {"coords": [24.958525, 60.170989]}, {"coords": [24.956650, 60.170939]}, {"coords": [24.956605, 60.171263]}]}