{"trajectory": [{"coords": [24.797203, 60.254409]}, {"coords": [24.798219, 60.254601]}, {"coords": [24.799746, 60.255013]}, {"coords": [24.801470, 60.255362]}]}