{"trajectory": [{"coords": [25.106208, 60.301447]}, {"coords": [25.106014, 60.300542]}, {"coords": [25.105652, 60.300536]}]}