{"trajectory": [{"coords": [25.031905, 60.195230]}, {"coords": [25.031905, 60.195230]}, {"coords": [25.031702, 60.195088]}, {"coords": [25.031702, 60.195079]}]}