{"trajectory": [{"coords": [24.929452, 60.162184]}, {"coords": [24.927687, 60.163453]}]}