{"trajectory": [{"coords": [25.002788, 60.246625]}, {"coords": [25.007113, 60.248711]}, {"coords": [25.007884, 60.249118]}]}