{"trajectory": [{"coords": [24.956112, 60.169157]}, {"coords": [24.953534, 60.169095]}, {"coords": [24.951460, 60.169029]}]}