{"trajectory": [{"coords": [24.959535, 60.280999]}, {"coords": [24.959441, 60.280848]}, {"coords": [24.958893, 60.280044]}, {"coords": [24.958421, 60.279356]}]}