{"trajectory": [{"coords": [25.009156, 60.250526]}, {"coords": [25.009365, 60.250282]}]}