{"trajectory": [{"coords": [24.829588, 60.258807]}, {"coords": [24.828614, 60.258139]}, {"coords": [24.827714, 60.257534]}]}