{"trajectory": [{"coords": [24.892674, 60.205350]}, {"coords": [24.895593, 60.204603]}, {"coords": [24.895704, 60.204019]}]}