{"trajectory": [{"coords": [24.951862, 60.189761]}, {"coords": [24.949256, 60.190641]}, {"coords": [24.948276, 60.191078]}]}