{"trajectory": [{"coords": [24.946485, 60.160752]}, {"coords": [24.946560, 60.160222]}, {"coords": [24.946679, 60.159351]}, {"coords": [24.946491, 60.159074]}]}