{"trajectory": [{"coords": [25.120961, 60.297571]}, {"coords": [25.121782, 60.297780]}]}