{"trajectory": [{"coords": [24.988976, 60.255687]}, {"coords": [24.991918, 60.256213]}, {"coords": [24.992204, 60.256121]}]}