{"trajectory": [{"coords": [24.824117, 60.169657]}, {"coords": [24.823509, 60.169849]}, {"coords": [24.823293, 60.169832]}]}