{"trajectory": [{"coords": [24.925260, 60.198871]}, {"coords": [24.925652, 60.198069]}, {"coords": [24.926795, 60.197657]}, {"coords": [24.927581, 60.196144]}]}