{"trajectory": [{"coords": [24.850722, 60.180717]}, {"coords": [24.850787, 60.180466]}, {"coords": [24.850535, 60.180458]}, {"coords": [24.850011, 60.180417]}]}