{"trajectory": [{"coords": [24.906064, 60.228561]}, {"coords": [24.904877, 60.230023]}, {"coords": [24.902810, 60.232272]}, {"coords": [24.902617, 60.232462]}]}