{"trajectory": [{"coords": [24.960718, 60.289886]}, {"coords": [24.961839, 60.289886]}, {"coords": [24.966267, 60.289836]}]}