{"trajectory": [{"coords": [24.824406, 60.281879]}, {"coords": [24.826995, 60.283478]}, {"coords": [24.828296, 60.284179]}]}