{"trajectory": [{"coords": [24.924954, 60.171299]}, {"coords": [24.924540, 60.171311]}, {"coords": [24.922561, 60.173380]}]}