{"trajectory": [{"coords": [24.836648, 60.282037]}, {"coords": [24.839303, 60.282657]}, {"coords": [24.841703, 60.283216]}, {"coords": [24.842557, 60.283390]}]}