{"trajectory": [{"coords": [24.942099, 60.249152]}, {"coords": [24.942456, 60.248377]}, {"coords": [24.942850, 60.247648]}, {"coords": [24.942967, 60.247306]}]}