{"trajectory": [{"coords": [25.079642, 60.406855]}, {"coords": [25.079636, 60.406137]}, {"coords": [25.079642, 60.404664]}, {"coords": [25.078989, 60.404679]}]}