{"trajectory": [{"coords": [25.110238, 60.297635]}, {"coords": [25.110637, 60.297658]}, {"coords": [25.112468, 60.297778]}, {"coords": [25.112318, 60.298174]}]}