{"trajectory": [{"coords": [24.920517, 60.181436]}, {"coords": [24.922360, 60.179682]}]}