{"trajectory": [{"coords": [25.058986, 60.231666]}, {"coords": [25.058032, 60.231736]}, {"coords": [25.057223, 60.231851]}]}