{"trajectory": [{"coords": [24.908011, 60.191226]}, {"coords": [24.910515, 60.191172]}, {"coords": [24.911793, 60.191137]}]}