{"trajectory": [{"coords": [24.944740, 60.195331]}, {"coords": [24.947092, 60.194382]}, {"coords": [24.948552, 60.193770]}, {"coords": [24.949424, 60.193360]}]}