{"trajectory": [{"coords": [24.885398, 60.196316]}, {"coords": [24.885739, 60.196250]}, {"coords": [24.886312, 60.196130]}]}