{"trajectory": [{"coords": [25.031702, 60.195079]}, {"coords": [25.031517, 60.194928]}]}