{"trajectory": [{"coords": [24.945315, 60.163292]}, {"coords": [24.944151, 60.164171]}, {"coords": [24.943927, 60.165151]}]}