{"trajectory": [{"coords": [24.916929, 60.297734]}, {"coords": [24.916941, 60.296209]}, {"coords": [24.916733, 60.295887]}]}