{"trajectory": [{"coords": [24.969027, 60.270034]}, {"coords": [24.968242, 60.269770]}, {"coords": [24.967545, 60.269417]}, {"coords": [24.968026, 60.269180]}]}