{"trajectory": [{"coords": [24.941294, 60.161256]}, {"coords": [24.940270, 60.161973]}, {"coords": [24.939053, 60.162861]}]}