{"trajectory": [{"coords": [25.087446, 60.243553]}, {"coords": [25.080693, 60.235872]}]}