{"trajectory": [{"coords": [24.803144, 60.163556]}, {"coords": [24.802539, 60.163120]}, {"coords": [24.801439, 60.162337]}, {"coords": [24.799403, 60.163031]}]}