{"trajectory": [{"coords": [24.810132, 60.170156]}, {"coords": [24.809520, 60.170169]}]}