{"trajectory": [{"coords": [24.990394, 60.274517]}, {"coords": [24.986218, 60.273883]}]}