{"trajectory": [{"coords": [24.940355, 60.157996]}, {"coords": [24.937741, 60.157889]}, {"coords": [24.936533, 60.157835]}, {"coords": [24.935722, 60.157813]}]}