{"trajectory": [{"coords": [24.939407, 60.170218]}, {"coords": [24.938496, 60.169884]}, {"coords": [24.940636, 60.168442]}, {"coords": [24.941643, 60.167779]}]}