{"trajectory": [{"coords": [24.694073, 60.223501]}, {"coords": [24.690464, 60.223448]}, {"coords": [24.688370, 60.223396]}, {"coords": [24.688098, 60.223353]}]}