{"trajectory": [{"coords": [24.900615, 60.215412]}, {"coords": [24.901705, 60.215037]}, {"coords": [24.902795, 60.214644]}, {"coords": [24.903331, 60.214487]}]}