{"trajectory": [{"coords": [25.034305, 60.204474]}, {"coords": [25.034305, 60.204474]}, {"coords": [25.036290, 60.205662]}, {"coords": [25.036694, 60.205883]}]}