{"trajectory": [{"coords": [25.103069, 60.213104]}, {"coords": [25.105873, 60.212219]}, {"coords": [25.105741, 60.212076]}, {"coords": [25.105260, 60.211703]}]}