{"trajectory": [{"coords": [25.104041, 60.302632]}, {"coords": [25.104125, 60.302955]}, {"coords": [25.104627, 60.305015]}, {"coords": [25.104793, 60.305642]}]}