{"trajectory": [{"coords": [24.672307, 60.140265]}, {"coords": [24.672025, 60.140599]}, {"coords": [24.671428, 60.141311]}]}