{"trajectory": [{"coords": [24.963040, 60.187966]}, {"coords": [24.963222, 60.188045]}, {"coords": [24.963388, 60.188152]}, {"coords": [24.963497, 60.188196]}]}