{"trajectory": [{"coords": [24.933695, 60.163168]}, {"coords": [24.937024, 60.164338]}, {"coords": [24.938079, 60.164699]}]}