{"trajectory": [{"coords": [24.969103, 60.204114]}, {"coords": [24.972910, 60.206034]}, {"coords": [24.974045, 60.207184]}, {"coords": [24.974635, 60.207009]}]}