{"trajectory": [{"coords": [25.003289, 60.342143]}, {"coords": [25.003910, 60.339921]}, {"coords": [25.003829, 60.339644]}]}