{"trajectory": [{"coords": [25.043814, 60.214848]}, {"coords": [25.043814, 60.214848]}, {"coords": [25.044085, 60.214864]}]}