{"trajectory": [{"coords": [24.952375, 60.186956]}, {"coords": [24.951563, 60.186917]}, {"coords": [24.951142, 60.186696]}, {"coords": [24.951499, 60.185329]}]}