{"trajectory": [{"coords": [24.915529, 60.230148]}, {"coords": [24.915971, 60.229821]}, {"coords": [24.917569, 60.230169]}]}