{"trajectory": [{"coords": [25.663871, 60.393460]}, {"coords": [25.374733, 60.477716]}]}