{"trajectory": [{"coords": [24.732113, 60.345895]}, {"coords": [24.732132, 60.345903]}, {"coords": [24.731840, 60.345806]}, {"coords": [24.731730, 60.345771]}]}