{"trajectory": [{"coords": [24.409783, 60.090221]}, {"coords": [24.409672, 60.089979]}, {"coords": [24.409543, 60.089728]}, {"coords": [24.408818, 60.087747]}]}