{"trajectory": [{"coords": [24.930125, 60.168803]}, {"coords": [24.656900, 60.205282]}]}