{"trajectory": [{"coords": [24.630442, 60.207914]}, {"coords": [24.631747, 60.208266]}, {"coords": [24.632508, 60.208433]}, {"coords": [24.632852, 60.208512]}]}