{"trajectory": [{"coords": [25.112730, 60.196865]}, {"coords": [25.112090, 60.196575]}, {"coords": [25.111595, 60.196336]}, {"coords": [25.111412, 60.196257]}]}