{"trajectory": [{"coords": [24.807404, 60.176456]}, {"coords": [24.807095, 60.176368]}]}