{"trajectory": [{"coords": [24.846702, 60.242981]}, {"coords": [24.847199, 60.242673]}, {"coords": [24.849420, 60.241294]}, {"coords": [24.849758, 60.241095]}]}