{"trajectory": [{"coords": [24.487086, 60.217779]}, {"coords": [24.487251, 60.217940]}, {"coords": [24.491023, 60.221778]}, {"coords": [24.491390, 60.222135]}]}