{"trajectory": [{"coords": [24.944889, 60.201165]}, {"coords": [24.944987, 60.201434]}]}