{"trajectory": [{"coords": [24.922542, 60.184879]}, {"coords": [24.956396, 60.161562]}]}