{"trajectory": [{"coords": [25.084724, 60.238747]}, {"coords": [25.084687, 60.238738]}, {"coords": [25.083812, 60.238485]}, {"coords": [25.084602, 60.237805]}]}