{"trajectory": [{"coords": [24.700624, 60.303898]}, {"coords": [24.705402, 60.307399]}, {"coords": [24.705476, 60.307453]}]}