{"trajectory": [{"coords": [24.743937, 60.186449]}, {"coords": [24.743475, 60.186766]}, {"coords": [24.742984, 60.186544]}]}