{"trajectory": [{"coords": [24.712077, 60.170001]}, {"coords": [24.712005, 60.170863]}]}