{"trajectory": [{"coords": [24.883098, 60.199984]}, {"coords": [24.881796, 60.202497]}, {"coords": [24.881796, 60.202497]}, {"coords": [24.881607, 60.202857]}]}