{"trajectory": [{"coords": [24.956254, 60.310374]}, {"coords": [24.955906, 60.310233]}]}