{"trajectory": [{"coords": [24.396409, 60.188633]}, {"coords": [24.396800, 60.188228]}, {"coords": [24.396329, 60.188005]}]}