{"trajectory": [{"coords": [24.943942, 60.165043]}, {"coords": [24.944151, 60.164171]}, {"coords": [24.946058, 60.162802]}]}