{"trajectory": [{"coords": [24.805347, 60.274232]}, {"coords": [24.807952, 60.275096]}, {"coords": [24.813258, 60.276958]}]}