{"trajectory": [{"coords": [24.874356, 60.215669]}, {"coords": [24.873158, 60.216062]}, {"coords": [24.869709, 60.217315]}, {"coords": [24.868709, 60.217680]}]}