{"trajectory": [{"coords": [24.945069, 60.194261]}, {"coords": [24.943236, 60.193188]}, {"coords": [24.943895, 60.192914]}]}