{"trajectory": [{"coords": [24.939123, 60.200686]}, {"coords": [24.939501, 60.200037]}, {"coords": [24.942215, 60.200350]}]}