{"trajectory": [{"coords": [24.961212, 60.192054]}, {"coords": [24.962403, 60.190870]}, {"coords": [24.963798, 60.189890]}]}