{"trajectory": [{"coords": [24.660931, 60.215619]}, {"coords": [24.661488, 60.215482]}]}