{"trajectory": [{"coords": [24.746875, 60.159461]}, {"coords": [24.744794, 60.159032]}, {"coords": [24.742387, 60.158525]}, {"coords": [24.742615, 60.158228]}]}