{"trajectory": [{"coords": [25.042914, 60.194435]}, {"coords": [25.043019, 60.194910]}, {"coords": [25.043258, 60.196200]}]}