{"trajectory": [{"coords": [24.709558, 60.161811]}, {"coords": [24.707956, 60.161846]}, {"coords": [24.707002, 60.161896]}, {"coords": [24.705617, 60.161975]}]}