{"trajectory": [{"coords": [24.920038, 60.154646]}, {"coords": [24.921239, 60.155724]}]}