{"trajectory": [{"coords": [24.864452, 60.199855]}, {"coords": [24.864112, 60.199947]}, {"coords": [24.863685, 60.200228]}]}