{"trajectory": [{"coords": [24.941626, 60.186073]}, {"coords": [24.943093, 60.186322]}, {"coords": [24.947947, 60.186503]}]}