{"trajectory": [{"coords": [25.173356, 60.410111]}, {"coords": [25.173515, 60.410989]}]}