{"trajectory": [{"coords": [24.930255, 60.192517]}, {"coords": [24.930762, 60.192621]}]}