{"trajectory": [{"coords": [24.849758, 60.241095]}, {"coords": [24.850415, 60.240678]}, {"coords": [24.854804, 60.237984]}, {"coords": [24.855267, 60.237713]}]}