{"trajectory": [{"coords": [24.439166, 60.106570]}, {"coords": [24.439547, 60.106793]}, {"coords": [24.443009, 60.108881]}, {"coords": [24.443372, 60.109113]}]}