{"trajectory": [{"coords": [25.039230, 60.320281]}, {"coords": [25.039296, 60.320648]}, {"coords": [25.039906, 60.321029]}, {"coords": [25.041584, 60.322030]}]}