{"trajectory": [{"coords": [25.043366, 60.293302]}, {"coords": [25.059466, 60.295203]}]}