{"trajectory": [{"coords": [25.326878, 60.300981]}, {"coords": [25.326761, 60.300776]}]}