{"trajectory": [{"coords": [25.088940, 60.229817]}, {"coords": [25.086330, 60.230557]}, {"coords": [25.085344, 60.230762]}]}