{"trajectory": [{"coords": [24.952246, 60.178735]}, {"coords": [24.952269, 60.178295]}, {"coords": [24.953009, 60.178335]}]}