{"trajectory": [{"coords": [24.963568, 60.190035]}, {"coords": [24.962421, 60.190869]}, {"coords": [24.962051, 60.191168]}, {"coords": [24.961038, 60.192262]}]}