{"trajectory": [{"coords": [24.908491, 60.283665]}, {"coords": [24.908981, 60.284389]}, {"coords": [24.909450, 60.284987]}, {"coords": [24.908121, 60.285301]}]}