{"trajectory": [{"coords": [24.933675, 60.198067]}, {"coords": [24.929750, 60.197601]}]}