{"trajectory": [{"coords": [24.954763, 60.193429]}, {"coords": [24.956993, 60.194499]}, {"coords": [24.955855, 60.195064]}]}