{"trajectory": [{"coords": [24.796012, 60.178491]}, {"coords": [24.808061, 60.178265]}]}