{"trajectory": [{"coords": [24.962858, 60.301782]}, {"coords": [24.958660, 60.302342]}, {"coords": [24.955285, 60.302617]}, {"coords": [24.953613, 60.302342]}]}