{"trajectory": [{"coords": [24.935974, 60.157803]}, {"coords": [24.940698, 60.158011]}, {"coords": [24.941185, 60.158044]}, {"coords": [24.941906, 60.158066]}]}