{"trajectory": [{"coords": [24.601319, 60.190340]}, {"coords": [24.601028, 60.190234]}]}