{"trajectory": [{"coords": [24.943023, 60.171307]}, {"coords": [24.942976, 60.170930]}]}