{"trajectory": [{"coords": [25.138092, 60.202934]}, {"coords": [25.137240, 60.202815]}, {"coords": [25.137224, 60.202860]}, {"coords": [25.136670, 60.204059]}]}