{"trajectory": [{"coords": [24.861091, 60.287678]}, {"coords": [24.863846, 60.288639]}, {"coords": [24.864341, 60.288896]}, {"coords": [24.864726, 60.289100]}]}