{"trajectory": [{"coords": [24.774543, 60.164364]}, {"coords": [24.773425, 60.164308]}, {"coords": [24.772724, 60.165892]}, {"coords": [24.772675, 60.166107]}]}