{"trajectory": [{"coords": [25.031517, 60.194928]}, {"coords": [25.031315, 60.194804]}]}