{"trajectory": [{"coords": [24.964715, 60.222340]}, {"coords": [24.964937, 60.222536]}, {"coords": [24.966197, 60.223658]}]}