{"trajectory": [{"coords": [25.031315, 60.194804]}, {"coords": [25.031112, 60.194653]}]}