{"trajectory": [{"coords": [24.911075, 60.189302]}, {"coords": [24.910666, 60.189475]}, {"coords": [24.908403, 60.190433]}, {"coords": [24.907815, 60.190670]}]}