{"trajectory": [{"coords": [24.795182, 60.176925]}, {"coords": [24.794194, 60.176329]}, {"coords": [24.792981, 60.176076]}, {"coords": [24.792800, 60.176033]}]}