{"trajectory": [{"coords": [24.596893, 60.237482]}, {"coords": [24.596393, 60.237789]}, {"coords": [24.596753, 60.238748]}]}