{"trajectory": [{"coords": [24.933535, 60.163268]}, {"coords": [24.931476, 60.162403]}, {"coords": [24.929717, 60.161985]}, {"coords": [24.929452, 60.162184]}]}