{"trajectory": [{"coords": [24.945334, 60.182779]}, {"coords": [24.946457, 60.182340]}, {"coords": [24.948418, 60.181572]}]}