{"trajectory": [{"coords": [25.111543, 60.297714]}, {"coords": [25.111108, 60.297690]}, {"coords": [25.109441, 60.297588]}, {"coords": [25.108969, 60.297556]}]}