{"trajectory": [{"coords": [24.943410, 60.213096]}, {"coords": [24.943293, 60.213410]}, {"coords": [24.948973, 60.215210]}]}