{"trajectory": [{"coords": [25.033627, 60.247152]}, {"coords": [25.033748, 60.246972]}, {"coords": [25.035020, 60.244906]}, {"coords": [25.035141, 60.244735]}]}