{"trajectory": [{"coords": [24.637376, 60.221398]}, {"coords": [24.636894, 60.221697]}, {"coords": [24.635166, 60.221893]}, {"coords": [24.633816, 60.222053]}]}