{"trajectory": [{"coords": [24.887008, 60.218565]}, {"coords": [24.886975, 60.217991]}, {"coords": [24.887045, 60.217919]}, {"coords": [24.887276, 60.217791]}]}