{"trajectory": [{"coords": [24.948311, 60.222899]}, {"coords": [24.949262, 60.223332]}, {"coords": [24.949884, 60.223623]}, {"coords": [24.951475, 60.224366]}]}