{"trajectory": [{"coords": [24.615393, 60.166086]}, {"coords": [24.614610, 60.165614]}]}