{"trajectory": [{"coords": [24.922291, 60.179764]}, {"coords": [24.922114, 60.179917]}]}