{"trajectory": [{"coords": [25.018580, 60.237071]}, {"coords": [25.018621, 60.237206]}]}