{"trajectory": [{"coords": [24.955374, 60.187178]}, {"coords": [24.953152, 60.187022]}, {"coords": [24.952375, 60.186956]}]}