{"trajectory": [{"coords": [25.240667, 60.261698]}, {"coords": [25.240053, 60.261686]}, {"coords": [25.234067, 60.261562]}, {"coords": [25.233218, 60.261552]}]}