{"trajectory": [{"coords": [25.139424, 60.209618]}, {"coords": [25.141047, 60.209605]}, {"coords": [25.142923, 60.209607]}, {"coords": [25.142892, 60.209230]}]}