{"trajectory": [{"coords": [24.671340, 60.141410]}, {"coords": [24.672025, 60.140599]}, {"coords": [24.672535, 60.139986]}, {"coords": [24.672570, 60.139941]}]}