{"trajectory": [{"coords": [25.143157, 60.209614]}, {"coords": [25.142923, 60.209607]}, {"coords": [25.142892, 60.209230]}]}