{"trajectory": [{"coords": [25.104980, 60.404393]}, {"coords": [25.104981, 60.404402]}]}