{"trajectory": [{"coords": [24.958450, 60.232753]}, {"coords": [24.958660, 60.232527]}, {"coords": [24.957860, 60.232344]}]}