{"trajectory": [{"coords": [24.900578, 60.218707]}, {"coords": [24.901809, 60.218178]}, {"coords": [24.902680, 60.217723]}, {"coords": [24.902964, 60.217560]}]}