{"trajectory": [{"coords": [25.074940, 60.345686]}, {"coords": [25.076096, 60.347786]}, {"coords": [25.076712, 60.348903]}, {"coords": [25.076981, 60.349368]}]}