{"trajectory": [{"coords": [25.086142, 60.298534]}, {"coords": [25.086045, 60.298328]}, {"coords": [25.085356, 60.296655]}, {"coords": [25.085220, 60.296360]}]}