{"trajectory": [{"coords": [24.928673, 60.248843]}, {"coords": [24.930409, 60.248947]}, {"coords": [24.933179, 60.249206]}, {"coords": [24.934664, 60.249348]}]}