{"trajectory": [{"coords": [24.800388, 60.214672]}, {"coords": [24.800834, 60.217407]}, {"coords": [24.804133, 60.217333]}]}