{"trajectory": [{"coords": [25.076088, 60.209932]}, {"coords": [25.076563, 60.210117]}, {"coords": [25.076617, 60.210090]}]}