{"trajectory": [{"coords": [24.928429, 60.168707]}, {"coords": [24.929143, 60.168469]}, {"coords": [24.929816, 60.168680]}]}