{"trajectory": [{"coords": [24.950341, 60.203882]}, {"coords": [24.949869, 60.204388]}, {"coords": [24.947612, 60.206792]}]}