{"trajectory": [{"coords": [25.053440, 60.206730]}, {"coords": [25.051801, 60.205675]}, {"coords": [25.050620, 60.204840]}, {"coords": [25.050563, 60.204769]}]}