{"trajectory": [{"coords": [24.884516, 60.203089]}, {"coords": [24.883740, 60.203058]}, {"coords": [24.883472, 60.203823]}]}