{"trajectory": [{"coords": [25.009394, 60.250049]}, {"coords": [25.009380, 60.250175]}]}