{"trajectory": [{"coords": [24.976603, 60.190694]}, {"coords": [24.976782, 60.190656]}]}