{"trajectory": [{"coords": [24.873725, 60.202111]}, {"coords": [24.874117, 60.201938]}, {"coords": [24.875096, 60.201437]}]}