{"trajectory": [{"coords": [24.880295, 60.205693]}, {"coords": [24.879923, 60.206611]}, {"coords": [24.879734, 60.207025]}, {"coords": [24.879717, 60.207043]}]}