{"trajectory": [{"coords": [25.258270, 60.376223]}, {"coords": [25.251548, 60.373952]}]}