{"trajectory": [{"coords": [24.962476, 60.187808]}, {"coords": [24.940636, 60.170380]}]}