{"trajectory": [{"coords": [24.758809, 60.278751]}, {"coords": [24.761590, 60.278636]}, {"coords": [24.761485, 60.278009]}]}