{"trajectory": [{"coords": [24.891750, 60.194550]}, {"coords": [24.889343, 60.195535]}, {"coords": [24.884573, 60.196483]}, {"coords": [24.882959, 60.196781]}]}