{"trajectory": [{"coords": [24.952345, 60.174067]}, {"coords": [24.953085, 60.174089]}, {"coords": [24.953284, 60.172283]}, {"coords": [24.953325, 60.171825]}]}