{"trajectory": [{"coords": [24.849415, 60.277378]}, {"coords": [24.851597, 60.277902]}, {"coords": [24.851925, 60.278008]}, {"coords": [24.851963, 60.278052]}]}