{"trajectory": [{"coords": [24.887156, 60.219399]}, {"coords": [24.887043, 60.219220]}, {"coords": [24.887035, 60.218942]}, {"coords": [24.887008, 60.218565]}]}