{"trajectory": [{"coords": [24.954750, 60.195512]}, {"coords": [24.954519, 60.195612]}]}