{"trajectory": [{"coords": [24.893615, 60.229336]}, {"coords": [24.890317, 60.229511]}]}