{"trajectory": [{"coords": [24.657704, 60.205798]}, {"coords": [24.661651, 60.206595]}, {"coords": [24.661090, 60.207370]}, {"coords": [24.660701, 60.207749]}]}