{"trajectory": [{"coords": [24.653901, 60.203196]}, {"coords": [24.655256, 60.203315]}, {"coords": [24.656831, 60.203621]}]}