{"trajectory": [{"coords": [25.003940, 60.336797]}, {"coords": [25.003975, 60.339104]}, {"coords": [25.003910, 60.339921]}, {"coords": [25.003745, 60.340434]}]}