{"trajectory": [{"coords": [24.927514, 60.196333]}, {"coords": [24.926795, 60.197657]}, {"coords": [24.925652, 60.198069]}, {"coords": [24.925363, 60.198664]}]}