{"trajectory": [{"coords": [24.911147, 60.191886]}, {"coords": [24.910219, 60.192216]}, {"coords": [24.906486, 60.193507]}]}