{"trajectory": [{"coords": [25.106151, 60.404663]}, {"coords": [25.106132, 60.404654]}]}