{"trajectory": [{"coords": [24.966030, 60.223515]}, {"coords": [24.964937, 60.222536]}, {"coords": [24.964344, 60.222011]}, {"coords": [24.963937, 60.221682]}]}