{"trajectory": [{"coords": [24.951206, 60.233756]}, {"coords": [24.956331, 60.234976]}, {"coords": [24.956856, 60.234425]}]}