{"trajectory": [{"coords": [25.003829, 60.339644]}, {"coords": [25.003975, 60.339104]}, {"coords": [25.003925, 60.336304]}, {"coords": [25.003800, 60.335757]}]}