{"trajectory": [{"coords": [24.923426, 60.184280]}, {"coords": [24.922948, 60.184598]}]}