{"trajectory": [{"coords": [24.894322, 60.241386]}, {"coords": [24.890410, 60.245586]}]}