{"trajectory": [{"coords": [24.935609, 60.196958]}, {"coords": [24.935354, 60.197489]}, {"coords": [24.935014, 60.198228]}, {"coords": [24.933675, 60.198067]}]}