{"trajectory": [{"coords": [25.031136, 60.195407]}, {"coords": [25.008022, 60.187730]}]}