{"trajectory": [{"coords": [24.949904, 60.193150]}, {"coords": [24.948552, 60.193770]}, {"coords": [24.947092, 60.194382]}, {"coords": [24.946575, 60.194592]}]}