{"trajectory": [{"coords": [24.813749, 60.229033]}, {"coords": [24.813733, 60.229823]}, {"coords": [24.813705, 60.230891]}, {"coords": [24.813685, 60.231529]}]}