{"trajectory": [{"coords": [24.957598, 60.295123]}, {"coords": [24.960126, 60.293130]}, {"coords": [24.960505, 60.293109]}, {"coords": [24.961174, 60.293105]}]}