{"trajectory": [{"coords": [25.084602, 60.237805]}, {"coords": [25.083812, 60.238485]}, {"coords": [25.084687, 60.238738]}, {"coords": [25.084924, 60.238799]}]}