{"trajectory": [{"coords": [25.029756, 60.230226]}, {"coords": [25.028916, 60.229353]}, {"coords": [25.028150, 60.228506]}, {"coords": [25.027960, 60.228203]}]}