{"trajectory": [{"coords": [24.934587, 60.199065]}, {"coords": [24.941285, 60.170404]}]}