{"trajectory": [{"coords": [24.884949, 60.229233]}, {"coords": [24.883102, 60.229640]}, {"coords": [24.882707, 60.229715]}, {"coords": [24.882930, 60.229964]}]}