{"trajectory": [{"coords": [24.808559, 60.244700]}, {"coords": [24.808506, 60.246954]}, {"coords": [24.808473, 60.247071]}]}