{"trajectory": [{"coords": [24.714191, 60.244254]}, {"coords": [24.713580, 60.244383]}, {"coords": [24.713186, 60.244493]}]}