{"trajectory": [{"coords": [25.054730, 60.181173]}, {"coords": [25.052252, 60.180897]}]}