{"trajectory": [{"coords": [24.929171, 60.178396]}, {"coords": [24.928948, 60.178801]}]}