{"trajectory": [{"coords": [24.761528, 60.278305]}, {"coords": [24.761590, 60.278636]}, {"coords": [24.758159, 60.278782]}, {"coords": [24.758033, 60.278782]}]}