{"trajectory": [{"coords": [24.661258, 60.215734]}, {"coords": [24.660702, 60.215871]}]}