{"trajectory": [{"coords": [24.634038, 60.153073]}, {"coords": [24.634091, 60.153037]}]}