{"trajectory": [{"coords": [24.961160, 60.308023]}, {"coords": [24.957654, 60.305077]}]}