{"trajectory": [{"coords": [24.875843, 60.201055]}, {"coords": [24.874117, 60.201938]}, {"coords": [24.873939, 60.202011]}]}