{"trajectory": [{"coords": [24.740787, 60.161802]}, {"coords": [24.739757, 60.161637]}, {"coords": [24.739950, 60.161447]}, {"coords": [24.740017, 60.161204]}]}