{"trajectory": [{"coords": [24.950285, 60.178848]}, {"coords": [24.950257, 60.179127]}]}