{"trajectory": [{"coords": [24.879647, 60.197637]}, {"coords": [24.879197, 60.197721]}, {"coords": [24.877082, 60.198166]}, {"coords": [24.876687, 60.198250]}]}