{"trajectory": [{"coords": [25.104040, 60.218365]}, {"coords": [25.104717, 60.218628]}, {"coords": [25.106124, 60.219173]}, {"coords": [25.108233, 60.220179]}]}