{"trajectory": [{"coords": [25.069022, 60.325340]}, {"coords": [25.068381, 60.324556]}, {"coords": [25.067158, 60.324799]}]}