{"trajectory": [{"coords": [24.934154, 60.158417]}, {"coords": [24.956396, 60.161562]}]}