{"trajectory": [{"coords": [24.992401, 60.256056]}, {"coords": [24.991918, 60.256213]}, {"coords": [24.988177, 60.255540]}]}