{"trajectory": [{"coords": [25.061014, 60.352987]}, {"coords": [25.060761, 60.353007]}]}