{"trajectory": [{"coords": [24.993675, 60.251586]}, {"coords": [24.993997, 60.251503]}]}