{"trajectory": [{"coords": [24.941786, 60.196699]}, {"coords": [24.941211, 60.196748]}, {"coords": [24.940351, 60.198217]}]}