{"trajectory": [{"coords": [25.085664, 60.214800]}, {"coords": [25.085288, 60.215440]}, {"coords": [25.084842, 60.216117]}, {"coords": [25.083706, 60.217760]}]}