{"trajectory": [{"coords": [24.536771, 60.159373]}, {"coords": [24.536479, 60.159150]}, {"coords": [24.538052, 60.158425]}, {"coords": [24.537777, 60.158095]}]}