{"trajectory": [{"coords": [25.081351, 60.236109]}, {"coords": [25.081278, 60.236091]}, {"coords": [25.080822, 60.235951]}, {"coords": [25.080693, 60.235872]}]}