{"trajectory": [{"coords": [24.852927, 60.263676]}, {"coords": [24.852493, 60.263669]}]}