{"trajectory": [{"coords": [24.965763, 60.269053]}, {"coords": [24.966531, 60.268733]}, {"coords": [24.967545, 60.269417]}, {"coords": [24.968026, 60.269180]}]}