{"trajectory": [{"coords": [24.770773, 60.161037]}, {"coords": [24.796012, 60.178491]}]}