{"trajectory": [{"coords": [24.971766, 60.166700]}, {"coords": [24.969876, 60.166158]}, {"coords": [24.968796, 60.166157]}]}