{"trajectory": [{"coords": [24.939053, 60.162861]}, {"coords": [24.938118, 60.163550]}, {"coords": [24.937024, 60.164338]}, {"coords": [24.936176, 60.164928]}]}