{"trajectory": [{"coords": [24.882959, 60.196781]}, {"coords": [24.877202, 60.197941]}]}