{"trajectory": [{"coords": [24.952542, 60.179622]}, {"coords": [24.960503, 60.189393]}]}