{"trajectory": [{"coords": [25.054073, 60.299545]}, {"coords": [25.052340, 60.300807]}, {"coords": [25.052112, 60.301006]}, {"coords": [25.051935, 60.301133]}]}