{"trajectory": [{"coords": [24.669482, 60.135020]}, {"coords": [24.669409, 60.134994]}]}