{"trajectory": [{"coords": [25.058748, 60.327226]}, {"coords": [25.059177, 60.327609]}, {"coords": [25.059734, 60.328035]}, {"coords": [25.060399, 60.328460]}]}