{"trajectory": [{"coords": [25.043845, 60.198807]}, {"coords": [25.041126, 60.199466]}, {"coords": [25.044544, 60.202052]}]}