{"trajectory": [{"coords": [25.009911, 60.269191]}, {"coords": [25.007525, 60.270331]}, {"coords": [25.007276, 60.270459]}, {"coords": [25.005532, 60.271360]}]}