{"trajectory": [{"coords": [24.928015, 60.161673]}, {"coords": [24.928795, 60.161865]}, {"coords": [24.929694, 60.161832]}, {"coords": [24.931094, 60.162271]}]}