{"trajectory": [{"coords": [24.952974, 60.185246]}, {"coords": [24.953089, 60.184240]}, {"coords": [24.953137, 60.183971]}]}