{"trajectory": [{"coords": [24.922561, 60.173380]}, {"coords": [24.921967, 60.175323]}, {"coords": [24.922251, 60.176434]}]}