{"trajectory": [{"coords": [24.973294, 60.195861]}, {"coords": [24.970636, 60.197406]}, {"coords": [24.968649, 60.198507]}, {"coords": [24.967958, 60.198907]}]}