{"trajectory": [{"coords": [25.035312, 60.275359]}, {"coords": [25.035364, 60.275296]}]}