{"trajectory": [{"coords": [24.964190, 60.214930]}, {"coords": [24.964136, 60.214913]}, {"coords": [24.958627, 60.213454]}, {"coords": [24.959048, 60.213047]}]}