{"trajectory": [{"coords": [24.959232, 60.242846]}, {"coords": [24.959148, 60.243071]}, {"coords": [24.958998, 60.243467]}, {"coords": [24.958536, 60.244960]}]}