{"trajectory": [{"coords": [24.894673, 60.193273]}, {"coords": [24.900101, 60.191405]}, {"coords": [24.905577, 60.191269]}]}