{"trajectory": [{"coords": [25.040759, 60.192414]}, {"coords": [25.042511, 60.192544]}, {"coords": [25.042914, 60.194435]}]}