{"trajectory": [{"coords": [24.975450, 60.167643]}, {"coords": [24.921232, 60.185722]}]}