{"trajectory": [{"coords": [24.972319, 60.236018]}, {"coords": [24.975116, 60.237218]}]}