{"trajectory": [{"coords": [25.023327, 60.301887]}, {"coords": [25.024152, 60.301674]}, {"coords": [25.025049, 60.301425]}, {"coords": [25.028813, 60.300354]}]}