{"trajectory": [{"coords": [24.802099, 60.182026]}, {"coords": [24.807013, 60.182553]}]}