{"trajectory": [{"coords": [24.941870, 60.158066]}, {"coords": [24.944556, 60.158190]}, {"coords": [24.944736, 60.158189]}, {"coords": [24.945061, 60.158214]}]}