{"trajectory": [{"coords": [25.058407, 60.323423]}, {"coords": [25.057976, 60.323516]}, {"coords": [25.055800, 60.323946]}, {"coords": [25.056304, 60.324427]}]}