{"trajectory": [{"coords": [24.930125, 60.168803]}, {"coords": [24.225650, 60.138609]}]}