{"trajectory": [{"coords": [24.935854, 60.162462]}, {"coords": [24.936948, 60.161691]}, {"coords": [24.937760, 60.161111]}, {"coords": [24.938061, 60.160911]}]}