{"trajectory": [{"coords": [24.952564, 60.165422]}, {"coords": [24.956396, 60.161562]}]}