{"trajectory": [{"coords": [25.109608, 60.238443]}, {"coords": [25.109082, 60.238375]}]}