{"trajectory": [{"coords": [24.793378, 60.185094]}, {"coords": [24.792750, 60.185179]}, {"coords": [24.792712, 60.185116]}, {"coords": [24.792147, 60.184115]}]}