{"trajectory": [{"coords": [25.091677, 60.240476]}, {"coords": [25.091904, 60.240770]}, {"coords": [25.092224, 60.241189]}]}