{"trajectory": [{"coords": [24.936697, 60.238931]}, {"coords": [24.937603, 60.239032]}, {"coords": [24.943308, 60.239701]}]}