{"trajectory": [{"coords": [24.601282, 60.190332]}, {"coords": [24.601319, 60.190340]}]}