{"trajectory": [{"coords": [24.974288, 60.167337]}, {"coords": [24.971766, 60.166700]}]}