{"trajectory": [{"coords": [25.045143, 60.321778]}, {"coords": [25.044388, 60.321937]}, {"coords": [25.038763, 60.323228]}, {"coords": [25.036783, 60.323576]}]}