{"trajectory": [{"coords": [24.749074, 60.304387]}, {"coords": [24.749902, 60.304203]}, {"coords": [24.752925, 60.303504]}, {"coords": [24.753663, 60.303329]}]}