{"trajectory": [{"coords": [24.922360, 60.179682]}, {"coords": [24.922606, 60.179456]}]}