{"trajectory": [{"coords": [25.111948, 60.425662]}, {"coords": [25.114933, 60.424264]}]}