{"trajectory": [{"coords": [24.913852, 60.162714]}, {"coords": [25.077984, 60.209989]}]}