{"trajectory": [{"coords": [24.874889, 60.321714]}, {"coords": [24.875012, 60.321587]}]}