{"trajectory": [{"coords": [24.927687, 60.163453]}, {"coords": [24.927368, 60.163626]}, {"coords": [24.924912, 60.162772]}]}