{"trajectory": [{"coords": [25.053283, 60.195080]}, {"coords": [25.053099, 60.194409]}, {"coords": [25.053075, 60.194228]}, {"coords": [25.052043, 60.194102]}]}