{"trajectory": [{"coords": [24.943662, 60.212430]}, {"coords": [24.943511, 60.212826]}]}