{"trajectory": [{"coords": [24.881423, 60.218881]}, {"coords": [24.881596, 60.218610]}, {"coords": [24.882183, 60.217619]}, {"coords": [24.882564, 60.217024]}]}