{"trajectory": [{"coords": [25.103971, 60.343473]}, {"coords": [25.103484, 60.343540]}]}