{"trajectory": [{"coords": [25.105649, 60.300447]}, {"coords": [25.105993, 60.300453]}, {"coords": [25.106014, 60.300542]}, {"coords": [25.106186, 60.301349]}]}