{"trajectory": [{"coords": [24.769703, 60.252381]}, {"coords": [24.773519, 60.253400]}, {"coords": [24.774301, 60.253620]}, {"coords": [24.774899, 60.252952]}]}