{"trajectory": [{"coords": [24.460358, 60.177081]}, {"coords": [24.460570, 60.176793]}, {"coords": [24.460799, 60.176416]}]}