{"trajectory": [{"coords": [24.926555, 60.201339]}, {"coords": [24.925858, 60.202825]}, {"coords": [24.924845, 60.202715]}]}