{"trajectory": [{"coords": [25.105112, 60.404518]}, {"coords": [25.105112, 60.404527]}]}