{"trajectory": [{"coords": [24.934154, 60.158417]}, {"coords": [24.956394, 60.161526]}]}