{"trajectory": [{"coords": [24.903401, 60.295727]}, {"coords": [24.906959, 60.294931]}, {"coords": [24.907696, 60.294764]}]}