{"trajectory": [{"coords": [24.907913, 60.162871]}, {"coords": [24.907974, 60.163140]}, {"coords": [24.914843, 60.163381]}]}