{"trajectory": [{"coords": [25.081515, 60.236152]}, {"coords": [25.081866, 60.235853]}]}