{"trajectory": [{"coords": [24.984919, 60.294403]}, {"coords": [24.982233, 60.295276]}, {"coords": [24.981140, 60.295643]}, {"coords": [24.980496, 60.295854]}]}