{"trajectory": [{"coords": [25.043366, 60.293302]}, {"coords": [25.076250, 60.350271]}]}