{"trajectory": [{"coords": [24.912326, 60.191474]}, {"coords": [24.911915, 60.191612]}]}