{"trajectory": [{"coords": [24.913287, 60.164433]}, {"coords": [24.912531, 60.164419]}, {"coords": [24.911142, 60.164375]}]}