{"trajectory": [{"coords": [25.044287, 60.274553]}, {"coords": [25.044453, 60.274085]}]}