{"trajectory": [{"coords": [25.234917, 60.261581]}, {"coords": [25.235514, 60.261594]}, {"coords": [25.239998, 60.261668]}, {"coords": [25.240523, 60.261690]}]}