{"trajectory": [{"coords": [24.942707, 60.170968]}, {"coords": [24.942725, 60.170977]}, {"coords": [24.943095, 60.170651]}]}