{"trajectory": [{"coords": [24.952423, 60.211038]}, {"coords": [24.955763, 60.212361]}]}