{"trajectory": [{"coords": [24.658634, 60.172072]}, {"coords": [24.660306, 60.172791]}, {"coords": [24.662305, 60.173660]}, {"coords": [24.663104, 60.173997]}]}