{"trajectory": [{"coords": [25.535926, 60.495482]}, {"coords": [25.374733, 60.477716]}]}