{"trajectory": [{"coords": [24.760577, 60.225605]}, {"coords": [24.761120, 60.225692]}, {"coords": [24.763376, 60.225714]}, {"coords": [24.765253, 60.225740]}]}