{"trajectory": [{"coords": [24.961312, 60.186821]}, {"coords": [24.961271, 60.186659]}]}