{"trajectory": [{"coords": [24.916230, 60.171180]}, {"coords": [24.919000, 60.170353]}, {"coords": [24.919946, 60.170059]}]}