{"trajectory": [{"coords": [24.997246, 60.240752]}, {"coords": [24.995640, 60.240756]}, {"coords": [24.994657, 60.241113]}]}