{"trajectory": [{"coords": [24.955906, 60.310233]}, {"coords": [24.956626, 60.310102]}]}