{"trajectory": [{"coords": [24.989983, 60.277051]}, {"coords": [24.990715, 60.275574]}, {"coords": [24.990961, 60.275339]}, {"coords": [24.991065, 60.275212]}]}