{"trajectory": [{"coords": [24.972038, 60.166770]}, {"coords": [24.975450, 60.167643]}]}