{"trajectory": [{"coords": [24.902964, 60.217560]}, {"coords": [24.904227, 60.216878]}, {"coords": [24.904956, 60.216496]}]}