{"trajectory": [{"coords": [24.937491, 60.198453]}, {"coords": [24.937943, 60.198503]}, {"coords": [24.938721, 60.198605]}, {"coords": [24.939515, 60.198636]}]}