{"trajectory": [{"coords": [24.642424, 60.221176]}, {"coords": [24.641725, 60.221431]}, {"coords": [24.638480, 60.221581]}, {"coords": [24.637376, 60.221398]}]}