{"trajectory": [{"coords": [24.977497, 60.192285]}, {"coords": [24.976065, 60.190787]}, {"coords": [24.975174, 60.189932]}]}