{"trajectory": [{"coords": [24.596790, 60.238828]}, {"coords": [24.596393, 60.237789]}, {"coords": [24.597071, 60.237364]}]}