{"trajectory": [{"coords": [25.140013, 60.400634]}, {"coords": [25.140609, 60.400539]}, {"coords": [25.144441, 60.400111]}, {"coords": [25.145163, 60.400024]}]}