{"trajectory": [{"coords": [24.853046, 60.277310]}, {"coords": [24.853007, 60.277211]}]}