{"trajectory": [{"coords": [25.374121, 60.477417]}, {"coords": [25.368794, 60.435552]}]}