{"trajectory": [{"coords": [24.951257, 60.262308]}, {"coords": [24.951567, 60.262396]}]}