{"trajectory": [{"coords": [24.991002, 60.292859]}, {"coords": [24.991201, 60.292839]}, {"coords": [24.997013, 60.292491]}, {"coords": [24.998079, 60.292438]}]}