{"trajectory": [{"coords": [24.876588, 60.197927]}, {"coords": [24.876893, 60.197871]}, {"coords": [24.878974, 60.197462]}, {"coords": [24.879459, 60.197360]}]}