{"trajectory": [{"coords": [24.955361, 60.212202]}, {"coords": [24.955087, 60.212087]}, {"coords": [24.952186, 60.210950]}]}