{"trajectory": [{"coords": [24.942752, 60.171282]}, {"coords": [25.100069, 60.315770]}]}