{"trajectory": [{"coords": [24.845929, 60.269761]}, {"coords": [24.842097, 60.269678]}, {"coords": [24.841102, 60.269657]}, {"coords": [24.841287, 60.269108]}]}