{"trajectory": [{"coords": [25.043995, 60.292068]}, {"coords": [25.043977, 60.292068]}]}