{"trajectory": [{"coords": [24.966267, 60.289836]}, {"coords": [24.967388, 60.289847]}, {"coords": [24.967480, 60.290502]}, {"coords": [24.967502, 60.290636]}]}