{"trajectory": [{"coords": [24.962357, 60.196686]}, {"coords": [24.962170, 60.197082]}, {"coords": [24.961762, 60.198530]}]}