{"trajectory": [{"coords": [25.011014, 60.292089]}, {"coords": [25.009568, 60.292091]}, {"coords": [25.005752, 60.292084]}, {"coords": [25.004325, 60.292131]}]}