{"trajectory": [{"coords": [24.775267, 60.202749]}, {"coords": [24.778123, 60.202301]}, {"coords": [24.779737, 60.201924]}]}