{"trajectory": [{"coords": [24.943202, 60.171270]}, {"coords": [24.943202, 60.171270]}, {"coords": [24.943208, 60.170866]}]}