{"trajectory": [{"coords": [24.555151, 60.199598]}, {"coords": [24.554628, 60.199636]}, {"coords": [24.554159, 60.199593]}, {"coords": [24.554982, 60.199231]}]}