{"trajectory": [{"coords": [25.043213, 60.195931]}, {"coords": [25.043019, 60.194910]}, {"coords": [25.042576, 60.192884]}]}