{"trajectory": [{"coords": [25.144446, 60.207269]}, {"coords": [25.144550, 60.207152]}]}