{"trajectory": [{"coords": [24.942752, 60.171282]}, {"coords": [24.942751, 60.171273]}, {"coords": [24.942744, 60.171021]}]}