{"trajectory": [{"coords": [24.882791, 60.150906]}, {"coords": [24.882875, 60.150681]}, {"coords": [24.885909, 60.151010]}, {"coords": [24.885807, 60.151253]}]}