{"trajectory": [{"coords": [24.877202, 60.197941]}, {"coords": [24.876075, 60.198280]}, {"coords": [24.874530, 60.197133]}, {"coords": [24.873399, 60.195947]}]}