{"trajectory": [{"coords": [25.097719, 60.343337]}, {"coords": [25.097139, 60.341708]}, {"coords": [25.096977, 60.341224]}]}