{"trajectory": [{"coords": [25.042630, 60.167841]}, {"coords": [25.042684, 60.167849]}]}