{"trajectory": [{"coords": [24.938283, 60.246405]}, {"coords": [24.932306, 60.245757]}, {"coords": [24.932143, 60.245749]}, {"coords": [24.931255, 60.245647]}]}