{"trajectory": [{"coords": [24.949055, 60.157449]}, {"coords": [24.945766, 60.157060]}, {"coords": [24.945190, 60.157064]}, {"coords": [24.945435, 60.157439]}]}