{"trajectory": [{"coords": [25.106186, 60.301349]}, {"coords": [25.106843, 60.304189]}]}