{"trajectory": [{"coords": [24.952449, 60.178303]}, {"coords": [24.952377, 60.178303]}, {"coords": [24.952269, 60.178295]}, {"coords": [24.952193, 60.179391]}]}