{"trajectory": [{"coords": [25.156460, 60.208332]}, {"coords": [25.152545, 60.207800]}, {"coords": [25.151257, 60.207605]}]}