{"trajectory": [{"coords": [24.960224, 60.174270]}, {"coords": [24.959774, 60.174265]}, {"coords": [24.958187, 60.174231]}, {"coords": [24.956514, 60.174297]}]}