{"trajectory": [{"coords": [25.054191, 60.241973]}, {"coords": [25.052546, 60.241339]}, {"coords": [25.048818, 60.239915]}, {"coords": [25.048343, 60.239757]}]}