{"trajectory": [{"coords": [24.941770, 60.184187]}, {"coords": [24.942109, 60.184059]}, {"coords": [24.943980, 60.183309]}, {"coords": [24.945334, 60.182779]}]}