{"trajectory": [{"coords": [24.814735, 60.228740]}, {"coords": [24.815529, 60.228744]}, {"coords": [24.816720, 60.228763]}, {"coords": [24.817567, 60.228695]}]}