{"trajectory": [{"coords": [24.931094, 60.162271]}, {"coords": [24.933695, 60.163168]}]}