{"trajectory": [{"coords": [25.157623, 60.408632]}, {"coords": [25.157436, 60.408463]}, {"coords": [25.157036, 60.407919]}, {"coords": [25.156327, 60.407889]}]}