{"trajectory": [{"coords": [24.786366, 60.159412]}, {"coords": [24.789198, 60.159619]}, {"coords": [24.789938, 60.159669]}, {"coords": [24.789765, 60.159975]}]}