{"trajectory": [{"coords": [24.881705, 60.265014]}, {"coords": [24.880750, 60.264437]}, {"coords": [24.880089, 60.264019]}]}