{"trajectory": [{"coords": [25.102339, 60.258529]}, {"coords": [25.102250, 60.258565]}, {"coords": [25.101770, 60.258794]}, {"coords": [25.101487, 60.258975]}]}