{"trajectory": [{"coords": [24.841824, 60.267525]}, {"coords": [24.841102, 60.269657]}, {"coords": [24.840983, 60.269945]}, {"coords": [24.840865, 60.270260]}]}