{"trajectory": [{"coords": [25.340101, 60.299214]}, {"coords": [25.326761, 60.300776]}]}