{"trajectory": [{"coords": [25.105363, 60.297855]}, {"coords": [25.105278, 60.297488]}, {"coords": [25.105290, 60.297317]}, {"coords": [25.104366, 60.297262]}]}