{"trajectory": [{"coords": [24.824898, 60.268377]}, {"coords": [24.823735, 60.268124]}, {"coords": [24.820756, 60.267478]}, {"coords": [24.819757, 60.267251]}]}