{"trajectory": [{"coords": [25.076962, 60.209602]}, {"coords": [25.076962, 60.209602]}, {"coords": [25.076416, 60.209454]}]}