{"trajectory": [{"coords": [24.850011, 60.180417]}, {"coords": [24.849776, 60.180391]}]}