{"trajectory": [{"coords": [24.761832, 60.285942]}, {"coords": [24.761946, 60.284631]}]}