{"trajectory": [{"coords": [25.009380, 60.250175]}, {"coords": [25.009378, 60.250139]}]}