{"trajectory": [{"coords": [25.078771, 60.245491]}, {"coords": [25.079244, 60.245586]}, {"coords": [25.081205, 60.245929]}, {"coords": [25.081750, 60.246024]}]}