{"trajectory": [{"coords": [24.657727, 60.205161]}, {"coords": [24.656900, 60.205282]}]}