{"trajectory": [{"coords": [24.730806, 60.263865]}, {"coords": [24.730256, 60.264317]}, {"coords": [24.729494, 60.265012]}, {"coords": [24.732477, 60.265884]}]}