{"trajectory": [{"coords": [25.099783, 60.267418]}, {"coords": [25.099059, 60.266858]}, {"coords": [25.097652, 60.265829]}, {"coords": [25.097207, 60.265491]}]}