{"trajectory": [{"coords": [24.948917, 60.181380]}, {"coords": [24.946457, 60.182340]}, {"coords": [24.945191, 60.182834]}]}