{"trajectory": [{"coords": [25.044360, 60.205922]}, {"coords": [25.036261, 60.199011]}, {"coords": [25.032981, 60.196182]}, {"coords": [25.031012, 60.194914]}]}