{"trajectory": [{"coords": [24.920770, 60.167298]}, {"coords": [24.921189, 60.163606]}, {"coords": [24.919926, 60.163534]}]}