{"trajectory": [{"coords": [24.848236, 60.242262]}, {"coords": [24.845837, 60.243741]}, {"coords": [24.846696, 60.244157]}]}