{"trajectory": [{"coords": [24.640907, 60.168389]}, {"coords": [24.638618, 60.168310]}, {"coords": [24.636665, 60.166991]}]}