{"trajectory": [{"coords": [24.895704, 60.204019]}, {"coords": [24.895717, 60.203830]}, {"coords": [24.898695, 60.203254]}]}