{"trajectory": [{"coords": [24.953177, 60.289841]}, {"coords": [24.957968, 60.289843]}]}