{"trajectory": [{"coords": [24.924803, 60.161454]}, {"coords": [24.924996, 60.161273]}, {"coords": [24.926160, 60.161040]}, {"coords": [24.928015, 60.161673]}]}