{"trajectory": [{"coords": [25.108955, 60.238341]}, {"coords": [25.043972, 60.293612]}]}