{"trajectory": [{"coords": [24.888165, 60.261380]}, {"coords": [24.888360, 60.261236]}, {"coords": [24.886232, 60.261349]}]}