{"trajectory": [{"coords": [24.958251, 60.305710]}, {"coords": [24.961422, 60.308326]}, {"coords": [24.961670, 60.308163]}, {"coords": [24.962636, 60.307779]}]}