{"trajectory": [{"coords": [24.723439, 60.202575]}, {"coords": [24.724070, 60.202554]}, {"coords": [24.726052, 60.202516]}]}