{"trajectory": [{"coords": [24.821392, 60.267618]}, {"coords": [24.823735, 60.268124]}, {"coords": [24.824135, 60.268211]}]}