{"trajectory": [{"coords": [25.008036, 60.290523]}, {"coords": [25.007981, 60.290488]}]}