{"trajectory": [{"coords": [24.906540, 60.193489]}, {"coords": [24.910219, 60.192216]}, {"coords": [24.912361, 60.191447]}]}