{"trajectory": [{"coords": [25.097714, 60.380407]}, {"coords": [25.106151, 60.404663]}]}