{"trajectory": [{"coords": [24.915114, 60.163397]}, {"coords": [24.915510, 60.163403]}, {"coords": [24.915649, 60.162594]}, {"coords": [24.916119, 60.162645]}]}