{"trajectory": [{"coords": [25.036694, 60.205883]}, {"coords": [25.037025, 60.206069]}, {"coords": [25.037244, 60.207298]}]}