{"trajectory": [{"coords": [25.106864, 60.304251]}, {"coords": [25.106208, 60.301447]}]}