{"trajectory": [{"coords": [24.929187, 60.178306]}, {"coords": [24.928181, 60.180334]}, {"coords": [24.927338, 60.181758]}, {"coords": [24.928194, 60.182057]}]}