{"trajectory": [{"coords": [25.009378, 60.250139]}, {"coords": [25.009227, 60.250481]}]}