{"trajectory": [{"coords": [25.060399, 60.328460]}, {"coords": [25.060623, 60.328657]}, {"coords": [25.061808, 60.329473]}, {"coords": [25.062438, 60.329926]}]}