{"trajectory": [{"coords": [24.863437, 60.200391]}, {"coords": [24.864112, 60.199947]}, {"coords": [24.863761, 60.199662]}, {"coords": [24.864137, 60.199552]}]}