{"trajectory": [{"coords": [24.906486, 60.193507]}, {"coords": [24.902239, 60.195080]}]}