{"trajectory": [{"coords": [24.877472, 60.197921]}, {"coords": [24.883210, 60.196725]}]}