{"trajectory": [{"coords": [24.808567, 60.244323]}, {"coords": [24.808634, 60.242617]}, {"coords": [24.808652, 60.241190]}]}