{"trajectory": [{"coords": [24.900898, 60.165190]}, {"coords": [24.900809, 60.165236]}, {"coords": [24.900344, 60.165373]}, {"coords": [24.899761, 60.165772]}]}