{"trajectory": [{"coords": [24.941025, 60.168196]}, {"coords": [24.940636, 60.168442]}, {"coords": [24.938496, 60.169884]}, {"coords": [24.937665, 60.170428]}]}