{"trajectory": [{"coords": [25.095944, 60.216331]}, {"coords": [25.094671, 60.216018]}, {"coords": [25.093945, 60.215871]}, {"coords": [25.093092, 60.215744]}]}