{"trajectory": [{"coords": [24.917149, 60.296566]}, {"coords": [24.916935, 60.297959]}, {"coords": [24.916819, 60.298310]}]}