{"trajectory": [{"coords": [24.911457, 60.157533]}, {"coords": [24.911377, 60.157902]}, {"coords": [24.909115, 60.159452]}]}