{"trajectory": [{"coords": [24.947947, 60.186503]}, {"coords": [24.948560, 60.186526]}, {"coords": [24.948462, 60.187496]}]}