{"trajectory": [{"coords": [25.035454, 60.275287]}, {"coords": [25.035364, 60.275296]}]}