{"trajectory": [{"coords": [25.011116, 60.280733]}, {"coords": [25.010620, 60.279875]}, {"coords": [25.009522, 60.279435]}]}