{"trajectory": [{"coords": [25.144516, 60.207197]}, {"coords": [25.144464, 60.207260]}, {"coords": [25.144446, 60.207269]}]}