{"trajectory": [{"coords": [24.779323, 60.173042]}, {"coords": [24.778990, 60.174938]}, {"coords": [24.778945, 60.175324]}, {"coords": [24.778915, 60.175594]}]}