{"trajectory": [{"coords": [24.942390, 60.166194]}, {"coords": [24.941681, 60.165948]}, {"coords": [24.937806, 60.164593]}]}