{"trajectory": [{"coords": [25.005060, 60.294271]}, {"coords": [25.004864, 60.294936]}, {"coords": [25.004434, 60.296259]}]}