{"trajectory": [{"coords": [24.907672, 60.190734]}, {"coords": [24.908403, 60.190433]}, {"coords": [24.910185, 60.189676]}, {"coords": [24.911093, 60.189293]}]}