{"trajectory": [{"coords": [24.930125, 60.168803]}, {"coords": [24.440940, 60.119606]}]}