{"trajectory": [{"coords": [24.873809, 60.203887]}, {"coords": [24.872941, 60.203821]}]}