{"trajectory": [{"coords": [24.942752, 60.171282]}, {"coords": [25.084337, 60.264206]}]}