{"trajectory": [{"coords": [25.068112, 60.332385]}, {"coords": [25.066174, 60.330138]}, {"coords": [25.059989, 60.323635]}]}