{"trajectory": [{"coords": [24.853319, 60.277380]}, {"coords": [24.853205, 60.277183]}]}