{"trajectory": [{"coords": [25.022596, 60.229788]}, {"coords": [24.735268, 60.253393]}]}