{"trajectory": [{"coords": [24.943325, 60.185594]}, {"coords": [24.941785, 60.185344]}, {"coords": [24.940683, 60.184616]}, {"coords": [24.941770, 60.184187]}]}