{"trajectory": [{"coords": [24.878568, 60.236905]}, {"coords": [24.878040, 60.236755]}, {"coords": [24.877423, 60.237280]}, {"coords": [24.877299, 60.237389]}]}