{"trajectory": [{"coords": [24.805948, 60.248693]}, {"coords": [24.805072, 60.249038]}, {"coords": [24.804697, 60.249211]}]}