{"trajectory": [{"coords": [24.952346, 60.174076]}, {"coords": [24.953085, 60.174089]}, {"coords": [24.956276, 60.174182]}, {"coords": [24.956889, 60.174196]}]}