{"trajectory": [{"coords": [24.664058, 60.206098]}, {"coords": [24.664531, 60.205432]}, {"coords": [24.664721, 60.205027]}, {"coords": [24.662822, 60.204749]}]}