{"trajectory": [{"coords": [24.956396, 60.161562]}, {"coords": [24.948462, 60.187496]}]}