{"trajectory": [{"coords": [24.652584, 60.254937]}, {"coords": [24.652586, 60.255063]}]}