{"trajectory": [{"coords": [25.034899, 60.245087]}, {"coords": [25.033748, 60.246972]}, {"coords": [25.033628, 60.247170]}]}