{"trajectory": [{"coords": [24.916407, 60.229899]}, {"coords": [24.915971, 60.229821]}, {"coords": [24.915549, 60.230192]}, {"coords": [24.916021, 60.230297]}]}