{"trajectory": [{"coords": [24.827188, 60.230933]}, {"coords": [24.826148, 60.230500]}, {"coords": [24.825767, 60.231140]}, {"coords": [24.826699, 60.231591]}]}