{"trajectory": [{"coords": [24.981217, 60.259559]}, {"coords": [24.981842, 60.259923]}, {"coords": [24.983499, 60.260952]}, {"coords": [24.984823, 60.261741]}]}