{"trajectory": [{"coords": [25.122155, 60.233167]}, {"coords": [25.144256, 60.207504]}]}