{"trajectory": [{"coords": [24.942752, 60.171282]}, {"coords": [25.081351, 60.236109]}]}