{"trajectory": [{"coords": [24.956269, 60.161554]}, {"coords": [24.956394, 60.161526]}]}