{"trajectory": [{"coords": [24.893330, 60.211522]}, {"coords": [24.893724, 60.212740]}]}