{"trajectory": [{"coords": [24.688269, 60.242757]}, {"coords": [24.688112, 60.243027]}, {"coords": [24.687410, 60.243946]}, {"coords": [24.686461, 60.245199]}]}