{"trajectory": [{"coords": [25.009380, 60.250193]}, {"coords": [25.009300, 60.249942]}]}