{"trajectory": [{"coords": [24.904725, 60.216614]}, {"coords": [24.904227, 60.216878]}, {"coords": [24.903000, 60.217541]}]}