{"trajectory": [{"coords": [25.085344, 60.230762]}, {"coords": [25.082942, 60.231294]}, {"coords": [25.080505, 60.231807]}]}