{"trajectory": [{"coords": [25.052289, 60.180906]}, {"coords": [25.054730, 60.181173]}]}