{"trajectory": [{"coords": [24.881607, 60.202857]}, {"coords": [24.881147, 60.203856]}, {"coords": [24.880585, 60.205090]}, {"coords": [24.880295, 60.205693]}]}