{"trajectory": [{"coords": [25.228158, 60.508658]}, {"coords": [25.302842, 60.528487]}, {"coords": [25.303413, 60.528194]}]}