{"trajectory": [{"coords": [24.852247, 60.179783]}, {"coords": [24.851698, 60.179473]}, {"coords": [24.851367, 60.179214]}]}