{"trajectory": [{"coords": [24.625345, 60.204482]}, {"coords": [24.626054, 60.203851]}, {"coords": [24.626760, 60.203991]}]}