{"trajectory": [{"coords": [25.086367, 60.245313]}, {"coords": [25.085512, 60.245661]}, {"coords": [25.084782, 60.245972]}, {"coords": [25.084140, 60.246228]}]}