{"trajectory": [{"coords": [24.943768, 60.192897]}, {"coords": [24.944234, 60.192786]}, {"coords": [24.946317, 60.191909]}, {"coords": [24.948829, 60.190832]}]}