{"trajectory": [{"coords": [25.196731, 60.282514]}, {"coords": [25.195758, 60.282100]}]}