{"trajectory": [{"coords": [24.959206, 60.212884]}, {"coords": [24.958627, 60.213454]}, {"coords": [24.964354, 60.214974]}]}