{"trajectory": [{"coords": [24.884186, 60.160618]}, {"coords": [24.883699, 60.160576]}]}