{"trajectory": [{"coords": [25.124671, 60.337134]}, {"coords": [25.125438, 60.339964]}, {"coords": [25.125459, 60.340044]}, {"coords": [25.125520, 60.340241]}]}