{"trajectory": [{"coords": [24.942999, 60.247180]}, {"coords": [24.942850, 60.247648]}, {"coords": [24.942456, 60.248377]}, {"coords": [24.942167, 60.248999]}]}