{"trajectory": [{"coords": [24.937053, 60.201428]}, {"coords": [24.938753, 60.201622]}, {"coords": [24.939123, 60.200686]}]}