{"trajectory": [{"coords": [25.047766, 60.205276]}, {"coords": [25.048764, 60.204891]}, {"coords": [25.050030, 60.204432]}, {"coords": [25.050564, 60.204778]}]}