{"trajectory": [{"coords": [24.922114, 60.179917]}, {"coords": [24.920464, 60.181491]}]}