{"trajectory": [{"coords": [25.394019, 60.305590]}, {"coords": [25.393774, 60.306212]}]}