{"trajectory": [{"coords": [24.982197, 60.259669]}, {"coords": [24.982338, 60.259569]}, {"coords": [24.982951, 60.259520]}, {"coords": [24.984096, 60.258569]}]}