{"trajectory": [{"coords": [24.964988, 60.229824]}, {"coords": [24.964677, 60.229665]}, {"coords": [24.963578, 60.229116]}, {"coords": [24.964253, 60.228752]}]}