{"trajectory": [{"coords": [25.003745, 60.340434]}, {"coords": [25.003285, 60.342601]}, {"coords": [25.003630, 60.342616]}, {"coords": [25.004192, 60.342648]}]}