{"trajectory": [{"coords": [24.405560, 60.123883]}, {"coords": [24.405326, 60.123866]}, {"coords": [24.404966, 60.123858]}, {"coords": [24.404211, 60.123878]}]}