{"trajectory": [{"coords": [24.966023, 60.203023]}, {"coords": [24.966312, 60.203030]}, {"coords": [24.969103, 60.204114]}]}