{"trajectory": [{"coords": [24.966675, 60.230709]}, {"coords": [24.965740, 60.230213]}, {"coords": [24.965336, 60.230001]}, {"coords": [24.964988, 60.229824]}]}