{"trajectory": [{"coords": [24.956655, 60.310479]}, {"coords": [24.956254, 60.310374]}]}