{"trajectory": [{"coords": [25.003745, 60.340434]}, {"coords": [25.003285, 60.342601]}, {"coords": [25.003138, 60.343104]}]}