{"trajectory": [{"coords": [24.942741, 60.171551]}, {"coords": [24.942752, 60.171282]}]}