{"trajectory": [{"coords": [25.144948, 60.206672]}, {"coords": [25.144464, 60.207251]}]}