{"trajectory": [{"coords": [25.100066, 60.359815]}, {"coords": [25.098869, 60.359771]}, {"coords": [25.096874, 60.359725]}, {"coords": [25.096130, 60.359686]}]}