{"trajectory": [{"coords": [24.961491, 60.191738]}, {"coords": [24.961126, 60.192180]}]}