{"trajectory": [{"coords": [24.953517, 60.170361]}, {"coords": [24.963040, 60.187975]}]}