{"trajectory": [{"coords": [24.736989, 60.209411]}, {"coords": [24.736881, 60.209412]}, {"coords": [24.733044, 60.209613]}, {"coords": [24.731819, 60.209673]}]}