{"trajectory": [{"coords": [25.035873, 60.274817]}, {"coords": [25.037334, 60.278135]}, {"coords": [25.043995, 60.292068]}]}