{"trajectory": [{"coords": [24.878568, 60.236905]}, {"coords": [24.878040, 60.236755]}, {"coords": [24.876622, 60.236361]}]}