{"trajectory": [{"coords": [25.096774, 60.208219]}, {"coords": [25.099845, 60.207825]}, {"coords": [25.101072, 60.207851]}]}