{"trajectory": [{"coords": [25.097018, 60.341341]}, {"coords": [25.097139, 60.341708]}, {"coords": [25.097698, 60.343256]}]}