{"trajectory": [{"coords": [24.680572, 60.165741]}, {"coords": [24.679878, 60.166139]}, {"coords": [24.678984, 60.166530]}]}