{"trajectory": [{"coords": [24.956445, 60.172575]}, {"coords": [24.956394, 60.173293]}, {"coords": [24.956306, 60.173967]}]}