{"trajectory": [{"coords": [24.945191, 60.182834]}, {"coords": [24.943980, 60.183309]}, {"coords": [24.942109, 60.184059]}, {"coords": [24.941129, 60.184434]}]}