{"trajectory": [{"coords": [24.626796, 60.204000]}, {"coords": [24.626054, 60.203851]}, {"coords": [24.625416, 60.204428]}]}