{"trajectory": [{"coords": [24.856554, 60.260780]}, {"coords": [24.856570, 60.260708]}, {"coords": [24.856514, 60.260619]}, {"coords": [24.856568, 60.260618]}]}