{"trajectory": [{"coords": [24.906294, 60.295079]}, {"coords": [24.902682, 60.295885]}, {"coords": [24.902556, 60.295894]}, {"coords": [24.902014, 60.295925]}]}