{"trajectory": [{"coords": [24.733442, 60.229869]}, {"coords": [24.733332, 60.229780]}, {"coords": [24.733035, 60.229414]}, {"coords": [24.732920, 60.229136]}]}