{"trajectory": [{"coords": [24.792873, 60.164130]}, {"coords": [24.790306, 60.163741]}, {"coords": [24.790549, 60.163336]}, {"coords": [24.790635, 60.163192]}]}