{"trajectory": [{"coords": [24.935953, 60.162802]}, {"coords": [24.938118, 60.163550]}, {"coords": [24.940446, 60.164359]}, {"coords": [24.940865, 60.164509]}]}