{"trajectory": [{"coords": [24.952593, 60.165197]}, {"coords": [24.952230, 60.167615]}]}