{"trajectory": [{"coords": [24.956370, 60.194809]}, {"coords": [24.956993, 60.194499]}, {"coords": [24.953432, 60.192918]}]}