{"trajectory": [{"coords": [25.106637, 60.237615]}, {"coords": [25.107362, 60.237690]}, {"coords": [25.108914, 60.237686]}]}