{"trajectory": [{"coords": [24.901046, 60.198920]}, {"coords": [24.899426, 60.200978]}, {"coords": [24.899199, 60.203215]}, {"coords": [24.898316, 60.203256]}]}