{"trajectory": [{"coords": [24.705617, 60.161975]}, {"coords": [24.703729, 60.162084]}, {"coords": [24.703813, 60.161832]}, {"coords": [24.703900, 60.161688]}]}