{"trajectory": [{"coords": [25.076719, 60.350213]}, {"coords": [25.076250, 60.350271]}]}