{"trajectory": [{"coords": [24.962441, 60.196443]}, {"coords": [24.962357, 60.196686]}]}