{"trajectory": [{"coords": [25.009365, 60.250282]}, {"coords": [25.009375, 60.250031]}]}