{"trajectory": [{"coords": [24.898209, 60.215842]}, {"coords": [24.900615, 60.215412]}]}