{"trajectory": [{"coords": [24.841824, 60.267525]}, {"coords": [24.841102, 60.269657]}, {"coords": [24.841825, 60.269662]}]}