{"trajectory": [{"coords": [24.952025, 60.174213]}, {"coords": [24.950019, 60.174012]}, {"coords": [24.949372, 60.173442]}, {"coords": [24.949335, 60.173416]}]}