{"trajectory": [{"coords": [24.911271, 60.191158]}, {"coords": [24.907002, 60.191241]}, {"coords": [24.905433, 60.191279]}]}