{"trajectory": [{"coords": [25.023200, 60.241676]}, {"coords": [25.030925, 60.241025]}]}