{"trajectory": [{"coords": [25.031136, 60.195407]}, {"coords": [25.144274, 60.207495]}]}