{"trajectory": [{"coords": [25.109678, 60.297110]}, {"coords": [25.109988, 60.296623]}, {"coords": [25.107916, 60.296371]}]}