{"trajectory": [{"coords": [24.923582, 60.179557]}, {"coords": [24.923028, 60.179076]}, {"coords": [24.922344, 60.177169]}, {"coords": [24.922174, 60.176246]}]}