{"trajectory": [{"coords": [24.919926, 60.163534]}, {"coords": [24.914176, 60.163359]}]}