{"trajectory": [{"coords": [24.716654, 60.257811]}, {"coords": [24.716782, 60.257874]}, {"coords": [24.719209, 60.259799]}]}