{"trajectory": [{"coords": [24.952021, 60.174078]}, {"coords": [24.950019, 60.174012]}, {"coords": [24.949225, 60.173309]}]}