{"trajectory": [{"coords": [24.893704, 60.212695]}, {"coords": [24.893290, 60.211396]}, {"coords": [24.893252, 60.211325]}, {"coords": [24.892532, 60.210710]}]}