{"trajectory": [{"coords": [25.050563, 60.204769]}, {"coords": [25.050030, 60.204432]}, {"coords": [25.048764, 60.204891]}, {"coords": [25.048033, 60.205157]}]}