{"trajectory": [{"coords": [24.661614, 60.173359]}, {"coords": [24.660306, 60.172791]}, {"coords": [24.658725, 60.172108]}]}