{"trajectory": [{"coords": [24.813534, 60.240738]}, {"coords": [24.813540, 60.240218]}, {"coords": [24.813555, 60.239383]}, {"coords": [24.813574, 60.238710]}]}