{"trajectory": [{"coords": [24.814325, 60.279177]}, {"coords": [24.814158, 60.279025]}]}