{"trajectory": [{"coords": [24.914176, 60.163359]}, {"coords": [24.907974, 60.163140]}, {"coords": [24.907976, 60.162548]}]}