{"trajectory": [{"coords": [24.915623, 60.171364]}, {"coords": [24.914105, 60.171832]}, {"coords": [24.912015, 60.172475]}, {"coords": [24.911032, 60.172760]}]}