{"trajectory": [{"coords": [25.075663, 60.324156]}, {"coords": [25.076487, 60.323916]}, {"coords": [25.076224, 60.323622]}]}