{"trajectory": [{"coords": [24.954209, 60.289888]}, {"coords": [24.952547, 60.289936]}, {"coords": [24.952521, 60.291516]}, {"coords": [24.952309, 60.291688]}]}