{"trajectory": [{"coords": [24.886232, 60.261349]}, {"coords": [24.888360, 60.261236]}, {"coords": [24.888166, 60.261389]}]}