{"trajectory": [{"coords": [25.097474, 60.317694]}, {"coords": [25.097756, 60.317476]}, {"coords": [25.098719, 60.316526]}, {"coords": [25.098719, 60.316517]}]}