{"trajectory": [{"coords": [24.440801, 60.119956]}, {"coords": [24.441107, 60.119964]}]}