{"trajectory": [{"coords": [24.909521, 60.159144]}, {"coords": [24.911377, 60.157902]}, {"coords": [24.910756, 60.157601]}]}