{"trajectory": [{"coords": [24.948462, 60.187496]}, {"coords": [24.948224, 60.189257]}, {"coords": [24.948257, 60.189768]}]}