{"trajectory": [{"coords": [24.891524, 60.244044]}, {"coords": [24.894102, 60.241280]}]}