{"trajectory": [{"coords": [24.872651, 60.203805]}, {"coords": [24.873754, 60.203879]}]}