{"trajectory": [{"coords": [25.072383, 60.227941]}, {"coords": [25.070209, 60.228246]}, {"coords": [25.062374, 60.229251]}]}