{"trajectory": [{"coords": [25.302245, 60.528152]}, {"coords": [25.227038, 60.508399]}]}