{"trajectory": [{"coords": [24.844698, 60.244403]}, {"coords": [24.843275, 60.245238]}, {"coords": [24.842082, 60.245892]}]}