{"trajectory": [{"coords": [24.898316, 60.203256]}, {"coords": [24.897866, 60.203277]}, {"coords": [24.895717, 60.203830]}, {"coords": [24.895707, 60.204118]}]}