{"trajectory": [{"coords": [24.964477, 60.190298]}, {"coords": [24.964476, 60.193323]}]}