{"trajectory": [{"coords": [25.044673, 60.202150]}, {"coords": [25.041126, 60.199466]}, {"coords": [25.043685, 60.198863]}]}