{"trajectory": [{"coords": [24.655602, 60.170013]}, {"coords": [24.654665, 60.169973]}, {"coords": [24.650596, 60.170065]}, {"coords": [24.650180, 60.170013]}]}