{"trajectory": [{"coords": [24.823299, 60.278798]}, {"coords": [24.823275, 60.278583]}, {"coords": [24.823019, 60.278459]}, {"coords": [24.821941, 60.277972]}]}