{"trajectory": [{"coords": [24.652304, 60.151729]}, {"coords": [24.654389, 60.150650]}, {"coords": [24.655955, 60.149763]}]}