{"trajectory": [{"coords": [24.956889, 60.174196]}, {"coords": [24.958187, 60.174231]}, {"coords": [24.959774, 60.174265]}, {"coords": [24.960693, 60.174285]}]}