{"trajectory": [{"coords": [24.928802, 60.237452]}, {"coords": [24.928584, 60.238037]}, {"coords": [24.928196, 60.239009]}, {"coords": [24.927993, 60.239477]}]}