{"trajectory": [{"coords": [24.943095, 60.170651]}, {"coords": [24.881588, 60.149684]}]}