{"trajectory": [{"coords": [24.949644, 60.158504]}, {"coords": [24.949788, 60.158530]}]}