{"trajectory": [{"coords": [24.942465, 60.168779]}, {"coords": [24.945873, 60.168899]}, {"coords": [24.946233, 60.168914]}, {"coords": [24.946846, 60.168919]}]}