{"trajectory": [{"coords": [24.953210, 60.230699]}, {"coords": [24.953646, 60.230175]}, {"coords": [24.952553, 60.229815]}, {"coords": [24.951223, 60.229385]}]}