{"trajectory": [{"coords": [24.959203, 60.302374]}, {"coords": [24.961872, 60.302722]}, {"coords": [24.959208, 60.297608]}]}