{"trajectory": [{"coords": [25.145070, 60.220494]}, {"coords": [25.141849, 60.221276]}]}