{"trajectory": [{"coords": [24.948682, 60.215122]}, {"coords": [24.943293, 60.213410]}, {"coords": [24.943440, 60.212889]}]}