{"trajectory": [{"coords": [24.940399, 60.198037]}, {"coords": [24.941211, 60.196748]}, {"coords": [24.943049, 60.196718]}]}