{"trajectory": [{"coords": [24.943895, 60.192914]}, {"coords": [24.948722, 60.190869]}]}