{"trajectory": [{"coords": [24.943610, 60.193033]}, {"coords": [24.943236, 60.193188]}, {"coords": [24.945253, 60.194376]}]}