{"trajectory": [{"coords": [25.100409, 60.240852]}, {"coords": [25.100704, 60.241038]}, {"coords": [25.100704, 60.241038]}, {"coords": [25.101889, 60.241371]}]}