{"trajectory": [{"coords": [25.120890, 60.205621]}, {"coords": [25.120645, 60.205327]}, {"coords": [25.120126, 60.205430]}]}