{"trajectory": [{"coords": [24.963937, 60.221682]}, {"coords": [24.963714, 60.221459]}, {"coords": [24.962510, 60.220382]}, {"coords": [24.962103, 60.220035]}]}