{"trajectory": [{"coords": [24.932358, 60.175106]}, {"coords": [24.929634, 60.177576]}, {"coords": [24.929187, 60.178306]}]}