{"trajectory": [{"coords": [24.484126, 60.214048]}, {"coords": [24.483984, 60.214201]}, {"coords": [24.483698, 60.214354]}, {"coords": [24.484101, 60.214775]}]}