{"trajectory": [{"coords": [24.822076, 60.221379]}, {"coords": [24.822203, 60.221423]}]}