{"trajectory": [{"coords": [25.144256, 60.207504]}, {"coords": [25.144446, 60.207269]}]}