{"trajectory": [{"coords": [24.678984, 60.166530]}, {"coords": [24.678452, 60.166901]}, {"coords": [24.678207, 60.167261]}, {"coords": [24.678157, 60.167468]}]}