{"trajectory": [{"coords": [24.658973, 60.178210]}, {"coords": [24.658602, 60.178606]}, {"coords": [24.657809, 60.179463]}, {"coords": [24.656813, 60.179244]}]}