{"trajectory": [{"coords": [24.834661, 60.188395]}, {"coords": [24.726635, 60.157867]}]}