{"trajectory": [{"coords": [24.949721, 60.180549]}, {"coords": [24.949594, 60.181124]}, {"coords": [24.953208, 60.183315]}, {"coords": [24.952281, 60.183725]}]}