{"trajectory": [{"coords": [24.938971, 60.201037]}, {"coords": [24.938753, 60.201622]}, {"coords": [24.936781, 60.201393]}]}