{"trajectory": [{"coords": [24.844912, 60.233084]}, {"coords": [24.844644, 60.233166]}, {"coords": [24.844484, 60.233257]}]}