{"trajectory": [{"coords": [24.444480, 60.115313]}, {"coords": [24.445433, 60.112662]}, {"coords": [24.445501, 60.112383]}]}