{"trajectory": [{"coords": [24.888545, 60.210009]}, {"coords": [24.888790, 60.209738]}]}