{"trajectory": [{"coords": [24.929871, 60.169370]}, {"coords": [24.931106, 60.168455]}]}