{"trajectory": [{"coords": [24.691572, 60.148361]}, {"coords": [24.691976, 60.147883]}]}