{"trajectory": [{"coords": [24.876713, 60.236387]}, {"coords": [24.878040, 60.236755]}, {"coords": [24.879477, 60.237159]}]}