{"trajectory": [{"coords": [25.034386, 60.191558]}, {"coords": [25.035111, 60.192279]}, {"coords": [25.035387, 60.192447]}]}