{"trajectory": [{"coords": [24.953528, 60.170136]}, {"coords": [24.953560, 60.170001]}, {"coords": [24.953534, 60.169095]}, {"coords": [24.951460, 60.169029]}]}