{"trajectory": [{"coords": [24.942752, 60.171282]}, {"coords": [25.076194, 60.209842]}]}