{"trajectory": [{"coords": [25.096681, 60.212465]}, {"coords": [25.097302, 60.212702]}, {"coords": [25.098489, 60.213141]}]}