{"trajectory": [{"coords": [24.841825, 60.269662]}, {"coords": [24.843562, 60.269731]}, {"coords": [24.846599, 60.269793]}, {"coords": [24.847267, 60.269788]}]}