{"trajectory": [{"coords": [24.960583, 60.179160]}, {"coords": [24.960626, 60.178791]}]}