{"trajectory": [{"coords": [24.941521, 60.221456]}, {"coords": [24.939530, 60.221219]}, {"coords": [24.937539, 60.220991]}, {"coords": [24.937087, 60.220958]}]}