{"trajectory": [{"coords": [25.053765, 60.336655]}, {"coords": [25.052823, 60.336636]}, {"coords": [25.054218, 60.336643]}, {"coords": [25.054835, 60.336700]}]}