{"trajectory": [{"coords": [24.752809, 60.207142]}, {"coords": [24.753400, 60.206959]}, {"coords": [24.753990, 60.206714]}, {"coords": [24.752540, 60.206417]}]}