{"trajectory": [{"coords": [24.974365, 60.207056]}, {"coords": [24.974045, 60.207184]}, {"coords": [24.972910, 60.206034]}, {"coords": [24.968774, 60.203963]}]}