{"trajectory": [{"coords": [24.853731, 60.277233]}, {"coords": [24.853007, 60.277211]}]}