{"trajectory": [{"coords": [24.814425, 60.222791]}, {"coords": [24.814440, 60.222647]}, {"coords": [24.814513, 60.221974]}, {"coords": [24.813737, 60.221951]}]}