{"trajectory": [{"coords": [24.956856, 60.234425]}, {"coords": [24.958275, 60.232951]}, {"coords": [24.958450, 60.232753]}]}