{"trajectory": [{"coords": [24.956377, 60.161544]}, {"coords": [24.941643, 60.167779]}]}