{"trajectory": [{"coords": [24.947613, 60.171777]}, {"coords": [24.949556, 60.173594]}]}