{"trajectory": [{"coords": [25.075957, 60.231260]}, {"coords": [25.076966, 60.232303]}, {"coords": [25.077581, 60.232917]}, {"coords": [25.078328, 60.233665]}]}