{"trajectory": [{"coords": [24.872373, 60.346791]}, {"coords": [24.872358, 60.346881]}]}