{"trajectory": [{"coords": [25.085207, 60.353779]}, {"coords": [25.085446, 60.353903]}, {"coords": [25.087162, 60.354840]}, {"coords": [25.087697, 60.355132]}]}