{"trajectory": [{"coords": [24.402099, 60.251686]}, {"coords": [24.402851, 60.251163]}, {"coords": [24.402921, 60.250992]}, {"coords": [24.403096, 60.250489]}]}