{"trajectory": [{"coords": [25.140009, 60.264960]}, {"coords": [25.139839, 60.265267]}, {"coords": [25.139993, 60.265014]}]}