{"trajectory": [{"coords": [25.174939, 60.251489]}, {"coords": [25.177484, 60.251933]}, {"coords": [25.185700, 60.253421]}, {"coords": [25.185884, 60.253509]}]}