{"trajectory": [{"coords": [25.062574, 60.203641]}, {"coords": [25.062556, 60.204772]}, {"coords": [25.062521, 60.204817]}, {"coords": [25.062379, 60.204899]}]}