{"trajectory": [{"coords": [24.884748, 60.200305]}, {"coords": [24.884895, 60.199721]}, {"coords": [24.884045, 60.199646]}, {"coords": [24.883494, 60.200628]}]}