{"trajectory": [{"coords": [24.922174, 60.176246]}, {"coords": [24.921967, 60.175323]}, {"coords": [24.922997, 60.172856]}]}