{"trajectory": [{"coords": [24.948434, 60.162130]}, {"coords": [24.921232, 60.185722]}]}