{"trajectory": [{"coords": [24.719962, 60.260397]}, {"coords": [24.719504, 60.260085]}, {"coords": [24.716782, 60.257874]}, {"coords": [24.717316, 60.258320]}]}