{"trajectory": [{"coords": [25.340101, 60.299214]}, {"coords": [25.343650, 60.277716]}]}