{"trajectory": [{"coords": [25.043352, 60.354734]}, {"coords": [25.042773, 60.354765]}]}