{"trajectory": [{"coords": [25.291365, 60.372773]}, {"coords": [25.290863, 60.372904]}, {"coords": [25.284354, 60.374268]}, {"coords": [25.283760, 60.374381]}]}