{"trajectory": [{"coords": [24.955619, 60.302911]}, {"coords": [24.958251, 60.305710]}]}