{"trajectory": [{"coords": [25.144256, 60.207504]}, {"coords": [25.144550, 60.207152]}]}