{"trajectory": [{"coords": [24.894566, 60.193328]}, {"coords": [24.891750, 60.194550]}]}