{"trajectory": [{"coords": [25.082358, 60.235993]}, {"coords": [25.082043, 60.236283]}, {"coords": [25.081351, 60.236109]}]}