{"trajectory": [{"coords": [25.042823, 60.301798]}, {"coords": [25.043333, 60.301919]}, {"coords": [25.045775, 60.302492]}, {"coords": [25.045006, 60.303342]}]}