{"trajectory": [{"coords": [25.039011, 60.295706]}, {"coords": [25.038839, 60.295411]}, {"coords": [25.038379, 60.294598]}, {"coords": [25.038225, 60.294303]}]}