{"trajectory": [{"coords": [24.952230, 60.167615]}, {"coords": [24.951718, 60.167349]}]}