{"trajectory": [{"coords": [24.808722, 60.236675]}, {"coords": [24.808800, 60.236908]}, {"coords": [24.808777, 60.238165]}, {"coords": [24.808703, 60.239583]}]}