{"trajectory": [{"coords": [24.447906, 60.137183]}, {"coords": [24.446918, 60.137347]}, {"coords": [24.446628, 60.137133]}, {"coords": [24.446317, 60.136793]}]}