{"trajectory": [{"coords": [24.959804, 60.217305]}, {"coords": [24.961099, 60.219037]}, {"coords": [24.961658, 60.219643]}, {"coords": [24.961880, 60.219839]}]}