{"trajectory": [{"coords": [24.853634, 60.268653]}, {"coords": [24.853669, 60.267917]}, {"coords": [24.853740, 60.267136]}, {"coords": [24.853895, 60.265482]}]}