{"trajectory": [{"coords": [24.853277, 60.277164]}, {"coords": [24.853354, 60.277352]}]}