{"trajectory": [{"coords": [25.146965, 60.203961]}, {"coords": [25.146096, 60.203915]}, {"coords": [25.145945, 60.204239]}]}