{"trajectory": [{"coords": [25.326878, 60.300981]}, {"coords": [25.340101, 60.299214]}]}