{"trajectory": [{"coords": [24.999338, 60.316546]}, {"coords": [24.999673, 60.317433]}, {"coords": [25.000068, 60.318507]}, {"coords": [25.000559, 60.319769]}]}