{"trajectory": [{"coords": [24.853122, 60.277453]}, {"coords": [24.853046, 60.277310]}]}