{"trajectory": [{"coords": [25.080344, 60.231844]}, {"coords": [25.082942, 60.231294]}, {"coords": [25.085649, 60.230706]}]}