{"trajectory": [{"coords": [25.108955, 60.238341]}, {"coords": [25.109173, 60.238402]}]}