{"trajectory": [{"coords": [24.945386, 60.158229]}, {"coords": [24.945133, 60.158213]}, {"coords": [24.944556, 60.158190]}, {"coords": [24.941725, 60.158058]}]}