{"trajectory": [{"coords": [24.956988, 60.182543]}, {"coords": [24.957664, 60.182888]}]}