{"trajectory": [{"coords": [24.775015, 60.161426]}, {"coords": [24.774771, 60.161024]}, {"coords": [24.773530, 60.159540]}, {"coords": [24.773306, 60.159210]}]}