{"trajectory": [{"coords": [24.943148, 60.246685]}, {"coords": [24.943083, 60.246946]}, {"coords": [24.942999, 60.247180]}]}