{"trajectory": [{"coords": [24.708868, 60.146483]}, {"coords": [24.709031, 60.146518]}, {"coords": [24.710534, 60.146950]}, {"coords": [24.711097, 60.147180]}]}