{"trajectory": [{"coords": [24.919476, 60.173213]}, {"coords": [24.920674, 60.170323]}]}