{"trajectory": [{"coords": [24.903000, 60.217541]}, {"coords": [24.902680, 60.217723]}, {"coords": [24.901809, 60.218178]}, {"coords": [24.900525, 60.218725]}]}