{"trajectory": [{"coords": [24.597120, 60.188438]}, {"coords": [24.601319, 60.190340]}]}