{"trajectory": [{"coords": [24.981552, 60.295505]}, {"coords": [24.982233, 60.295276]}, {"coords": [24.985349, 60.294265]}]}