{"trajectory": [{"coords": [24.904956, 60.216496]}, {"coords": [24.905347, 60.216287]}, {"coords": [24.905934, 60.215960]}, {"coords": [24.905748, 60.215763]}]}