{"trajectory": [{"coords": [25.129147, 60.370262]}, {"coords": [25.128983, 60.370775]}, {"coords": [25.128885, 60.371090]}, {"coords": [25.128739, 60.371567]}]}