{"trajectory": [{"coords": [24.484101, 60.214775]}, {"coords": [24.486994, 60.217681]}, {"coords": [24.487086, 60.217779]}]}