{"trajectory": [{"coords": [24.856568, 60.260627]}, {"coords": [24.856680, 60.260770]}, {"coords": [24.856554, 60.260771]}]}