{"trajectory": [{"coords": [24.540550, 60.248072]}, {"coords": [24.539055, 60.248320]}, {"coords": [24.538695, 60.248375]}, {"coords": [24.533147, 60.249277]}]}