{"trajectory": [{"coords": [25.084337, 60.264206]}, {"coords": [24.943165, 60.171880]}]}