{"trajectory": [{"coords": [24.986218, 60.273883]}, {"coords": [24.991483, 60.274680]}, {"coords": [24.991083, 60.275194]}]}