{"trajectory": [{"coords": [24.726059, 60.157098]}, {"coords": [24.725780, 60.157486]}, {"coords": [24.726635, 60.157867]}]}