{"trajectory": [{"coords": [24.839392, 60.274165]}, {"coords": [24.841138, 60.274593]}, {"coords": [24.842465, 60.274899]}, {"coords": [24.843065, 60.275039]}]}