{"trajectory": [{"coords": [24.953517, 60.170361]}, {"coords": [24.955855, 60.195064]}]}