{"trajectory": [{"coords": [25.077851, 60.282327]}, {"coords": [25.077545, 60.282384]}, {"coords": [25.073440, 60.283467]}, {"coords": [25.072903, 60.283606]}]}