{"trajectory": [{"coords": [24.940636, 60.170380]}, {"coords": [24.939843, 60.170350]}, {"coords": [24.939407, 60.170218]}]}