{"trajectory": [{"coords": [25.030356, 60.194695]}, {"coords": [25.030213, 60.194732]}, {"coords": [25.030733, 60.195203]}]}