{"trajectory": [{"coords": [24.938079, 60.164699]}, {"coords": [24.942117, 60.166097]}]}