{"trajectory": [{"coords": [24.797231, 60.188643]}, {"coords": [24.797056, 60.188833]}, {"coords": [24.796635, 60.188557]}]}