{"trajectory": [{"coords": [24.949556, 60.173594]}, {"coords": [24.950019, 60.174012]}, {"coords": [24.952345, 60.174067]}]}