{"trajectory": [{"coords": [25.098667, 60.390955]}, {"coords": [25.099211, 60.390960]}, {"coords": [25.100480, 60.390913]}, {"coords": [25.101001, 60.392399]}]}