{"trajectory": [{"coords": [25.151802, 60.204602]}, {"coords": [25.149791, 60.204342]}, {"coords": [25.148795, 60.204207]}]}