{"trajectory": [{"coords": [25.108969, 60.297556]}, {"coords": [25.108371, 60.297516]}, {"coords": [25.105290, 60.297317]}, {"coords": [25.104366, 60.297262]}]}