{"trajectory": [{"coords": [24.965627, 60.203035]}, {"coords": [24.965106, 60.203120]}, {"coords": [24.962354, 60.200905]}, {"coords": [24.961773, 60.198315]}]}