{"trajectory": [{"coords": [24.952781, 60.183524]}, {"coords": [24.953208, 60.183315]}, {"coords": [24.950012, 60.181256]}]}