{"trajectory": [{"coords": [24.967795, 60.186046]}, {"coords": [24.968109, 60.186295]}, {"coords": [24.968570, 60.186633]}, {"coords": [24.968900, 60.186819]}]}