{"trajectory": [{"coords": [25.137893, 60.340360]}, {"coords": [25.136834, 60.340100]}, {"coords": [25.135445, 60.339753]}, {"coords": [25.133970, 60.339496]}]}