{"trajectory": [{"coords": [24.902239, 60.195080]}, {"coords": [24.934588, 60.199074]}]}