{"trajectory": [{"coords": [24.728596, 60.212348]}, {"coords": [24.727895, 60.212451]}]}