{"trajectory": [{"coords": [24.950177, 60.178849]}, {"coords": [24.956394, 60.161526]}]}