{"trajectory": [{"coords": [25.017077, 60.281200]}, {"coords": [25.017722, 60.280998]}, {"coords": [25.019115, 60.282208]}]}