{"trajectory": [{"coords": [24.823733, 60.281704]}, {"coords": [24.822157, 60.280816]}, {"coords": [24.820218, 60.279912]}, {"coords": [24.815051, 60.277817]}]}